0.91729861,0.530403575,0.879494485
0.906961928,-0.182598867,0.85923024
0.910469865,0.104406651,0.795807951
0.913042003,0.548806455,0.87539843
0.893635904,0.71965364,0.876101258
0.909398541,0.478352934,0.840816286
0.920083685,0.351698645,0.829536075
0.911706619,0.466579866,0.851970317
0.904762499,0.071967988,0.853743249
0.913958902,0.254041243,0.88726112
0.889389916,0.583272325,0.854321426
0.90503492,0.177415259,0.839456763
0.880043276,0.486364862,0.84901524
0.920900754,0.270622004,0.878965508
0.897779048,0.520703825,0.842864895
0.920926789,0.083109071,0.854132308
0.89587561,0.513037715,0.864237379
0.920010588,-0.121509091,0.857346752
0.899843627,0.292176572,0.857477848
0.918445739,0.323507152,0.850372737
0.907579425,0.176942478,0.831799731
0.899288349,0.557077673,0.866595256
0.920003253,0.503947526,0.860502419
0.910752708,0.594931493,0.889214739
0.897380635,0.669613514,0.88495483
0.893831354,0.326279959,0.850244223
0.900321181,-1.004612143,0.834820354
0.897781914,0.230068311,0.801220376
0.918318189,0.321274902,0.860835815
0.898660656,0.304039952,0.806036048
0.896784264,0.631654022,0.879960885
0.922846314,0.41708,0.873841767
0.917016984,0.548397882,0.879522144
0.905415697,0.40298441,0.841799298
0.887651815,0.409456843,0.835271663
0.910023666,-0.193269396,0.879031108
0.915622223,0.431092426,0.890654438
0.919333805,0.488779038,0.874686042
0.905809725,0.560286359,0.870503101
0.908486336,0.46022356,0.867433328
0.917544787,0.538480157,0.868584665
0.890388696,0.471935149,0.855259419
0.893313856,0.524849176,0.823614108
0.88965812,0.477486811,0.826719191
0.918612791,0.372398864,0.874345249
0.912257548,0.229567438,0.857711589
0.913200052,0.305040527,0.82588976
0.906526482,0.807543084,0.898893625
0.916225104,0.25247653,0.868880284
0.912388797,0.425587792,0.822411878
0.910114061,0.444813793,0.870366121
0.909882583,0.292038149,0.855179413
0.903612268,0.308546501,0.868044545
0.907454436,0.524554814,0.852991059
0.897351768,0.61632235,0.861783612
0.89338734,0.492917147,0.830575954
0.916271503,0.432828583,0.848144589
0.900330739,0.394321085,0.869586357
0.918015715,0.235990331,0.792133925
0.905829766,0.68449046,0.88967383
0.923704563,0.413960058,0.875915133
0.911825706,0.721379716,0.889276517
0.906160228,0.277335806,0.815172301
0.919927996,0.331403581,0.785903778
0.920538325,0.375234291,0.897644769
0.910813607,0.324026279,0.83713059
0.878227662,0.754967219,0.865416228
0.927569501,0.468159501,0.869455862
0.912992493,0.494226061,0.873508015
0.918736827,0.617218718,0.892232348
0.903298313,0.587090713,0.85755525
0.901518371,0.334146025,0.848119942
0.9231152,0.521581918,0.886421784
0.903303515,0.358693159,0.822852927
0.916101414,0.176158021,0.857656078
0.88974244,0.545049109,0.865521354
0.909469418,0.231546529,0.877035663
0.89977179,0.742375003,0.890656987
0.920508584,0.388809936,0.854394628
0.894920594,0.480665029,0.857997456
0.886516885,0.48211674,0.850045298
0.907749111,0.332495848,0.847660767
0.922335191,0.633864968,0.905110834
0.923408874,0.197867489,0.843830001
0.915626432,-0.017688528,0.885443786
0.891759868,0.392487426,0.817754037
0.911096641,0.56707603,0.872747299
0.912343123,0.406011166,0.819571792
0.904710817,0.042975394,0.838150676
0.913663716,0.401752614,0.839082496
0.921304567,0.546946937,0.876251201
0.897846364,0.649977362,0.883271709
0.917537198,0.677140916,0.882978015
0.919753091,0.322315595,0.860317992
0.910268636,0.378817412,0.891040878
0.890760444,0.480660377,0.866124574
0.899106183,0.313782042,0.863076583
0.907533503,0.417828517,0.842160303
0.929282842,0.503770406,0.886418037
0.907227075,0.504492958,0.859243531
0.903811406,0.534397315,0.883874797
0.914613179,0.179783687,0.863887071
0.891308002,0.485157743,0.838160362
0.920551406,0.366629275,0.88399883
0.896738484,0.492377992,0.854899405
0.893728628,0.667655295,0.864284654
0.900443634,0.366343003,0.830847602
0.897276686,0.600434953,0.884179233
0.890874667,0.661395827,0.861093053
0.906715841,0.386137868,0.880806122
0.904387946,0.339781724,0.855250875
0.893213381,0.462783021,0.865881629
0.907311556,0.2854856,0.878701917
0.895761841,0.459618407,0.834988239
0.913147256,0.064555258,0.868790668
0.911779527,0.251177001,0.836855262
0.907192653,0.585069255,0.889284127
0.909790521,0.669054425,0.884035434
0.918443432,0.515458578,0.869423962
0.867697385,0.650959951,0.84331519
0.901091702,0.459973126,0.875942105
0.922307069,0.277026944,0.851854041
0.890481917,0.623862412,0.85703866
0.877731958,0.541665987,0.840815448
0.8991863,0.238204705,0.867014712
0.925888247,0.486665207,0.890417968
0.903081912,0.320101848,0.845559667
0.91148337,0.36782593,0.874568016
0.909504096,0.457339099,0.879127729
0.896755693,0.551942138,0.877515727
0.917718903,0.660788364,0.885798113
0.909647037,0.66275824,0.892737697
0.902903338,0.244022772,0.855218464
0.904620586,0.382490304,0.853230552
0.911632253,0.453423356,0.864656419
0.898418404,0.65885375,0.875652853
0.910727692,0.445365202,0.831388836
0.915655584,0.356737028,0.894598654
0.895396563,0.586804521,0.855199029
0.923739395,0.335078028,0.87161355
0.885406612,0.505369204,0.83276646
0.915833195,0.458566506,0.835030886
0.907168325,0.42028426,0.856860428
0.898775233,0.622267483,0.871720438
0.909895861,0.350700073,0.861384221
0.905340197,0.344116717,0.88340079
0.924718624,0.420968097,0.865693921
0.902599923,0.548687128,0.884475139
0.899684121,0.434091028,0.819464367
0.889249668,0.717443281,0.872867154
0.913453412,0.493590707,0.880476253
0.896211923,0.614410476,0.878620352
0.891639946,-0.142948012,0.860554296
0.910188758,0.288830432,0.854125036
0.886369263,0.660582768,0.853983184
0.915671895,0.34106946,0.824998483
0.914326485,0.530615402,0.864963395
0.906233059,0.309553818,0.821703079
0.90777625,0.546559833,0.883580628
0.919392005,0.135600406,0.860727234
0.905985307,0.541786613,0.889228806
0.906177885,0.51104647,0.874922011
0.887420162,0.732901366,0.877581345
0.889600696,0.495095176,0.851334212
0.882481853,0.608503321,0.864479707
0.894183963,0.46156502,0.863035991
0.920733372,0.271143232,0.826778098
0.894394559,0.634471514,0.872501344
0.909807105,0.5886142,0.84072019
0.896144097,0.541274601,0.868944222
0.914752066,0.433884018,0.866190411
0.911771007,0.278217742,0.880484331
0.914243143,0.640734566,0.88706977
0.928505506,0.358289886,0.852314147
0.916277108,0.770790927,0.898373542
0.915551298,0.494612061,0.877289146
0.907830027,0.385473022,0.847843895
0.900449191,0.633592874,0.874116057
0.896005071,0.457535013,0.861710767
0.914274236,0.603505953,0.877544571
0.884943802,0.723191105,0.867753679
0.920561923,0.177172771,0.864993942
0.91423129,0.448302322,0.8733476
0.896454128,0.58971047,0.855019913
0.92348176,0.525499469,0.877071983
0.910618937,0.370690935,0.83603848
0.926617287,0.150621481,0.862799494
0.899180189,0.567995525,0.873026352
0.902718392,0.598851064,0.876442221
0.907937333,0.388736775,0.890037107
0.922870972,0.474319937,0.878276003
0.919195305,0.50976304,0.869455875
0.913745357,0.465603803,0.876416564
0.910704299,0.156948417,0.876055941
0.915048991,0.630676338,0.883272096
0.900990662,0.374909367,0.825342182
0.899924169,0.37027746,0.84407359
0.927056944,0.223093816,0.832825742
0.915293464,0.348530356,0.860174438
0.893503257,0.586632852,0.863072764
0.920394174,0.300930489,0.832925817
0.889859566,0.49115624,0.846092265
0.897317841,0.47202776,0.867493317
0.904866273,0.229761377,0.863141963
0.903396596,0.545529807,0.850433255
0.914945338,0.569765656,0.868505068
0.908845659,0.485581779,0.871181452
0.902506673,0.332863812,0.864883481
0.906599737,0.30987952,0.853049875
0.911118283,0.418959895,0.837677178
0.907829942,-0.032763817,0.871978794
0.897225997,0.323711708,0.87145665
0.893216485,0.464260395,0.838318298
0.893860324,0.701425688,0.866824595
0.911904095,0.590007627,0.881008156
0.912084189,0.446653639,0.870473675
0.885641681,0.764331158,0.871754053
0.90948815,0.357245902,0.870076309
0.882045335,0.761710479,0.867286955
0.910332385,0.437334204,0.836829648
0.913259333,0.373250783,0.859030459
0.895624658,0.425280055,0.810995294
0.924962945,0.343591004,0.827082091
0.895065901,0.528239669,0.871871897
0.903298658,0.612087276,0.885029254
0.893792541,0.366391861,0.863577719
0.899697186,0.251693527,0.881515826
0.909609374,0.534429613,0.856593886
0.892167606,0.558580961,0.854455929
0.894436846,0.501607259,0.841674913
0.895468986,0.506005261,0.835409324
0.909079571,0.333748341,0.865748958
0.912353969,0.612872044,0.878158636
0.905159432,0.373773198,0.837529278
0.926871031,0.475781414,0.885048857
0.918354844,0.24260223,0.826145195
0.90168205,0.379591726,0.843993566
0.895928665,0.28352531,0.862871063
0.905188217,0.434170758,0.834990484
0.910624893,0.457519598,0.891976734
0.911717672,0.387683521,0.876826836
0.907818407,0.112453331,0.832433575
0.90031534,0.461457163,0.871333895
0.900057945,0.338342159,0.825964705
0.913072938,0.048636254,0.838651908
0.896056337,0.181727404,0.873004017
0.90738617,0.536704713,0.862484984
0.907071102,0.414264234,0.883037225
0.906373977,0.56234303,0.877631477
0.916298977,0.465386547,0.869813403
0.902246174,0.383525049,0.873389959
0.896684277,0.447057862,0.864734558
0.908853137,0.427440059,0.84216449
0.908099154,0.618116331,0.891541411
0.906776755,0.245076037,0.838832774
0.908618194,0.520870888,0.895205017
0.905412023,0.358962733,0.877531118
0.906072535,0.617502855,0.867885901
0.912542481,0.498947513,0.889646344
0.901468954,0.57860077,0.863544465
0.898464267,0.755929956,0.885891882
0.900984701,0.642833968,0.876254141
0.890885034,0.317378795,0.860046761
0.901547865,0.273865205,0.810848054
0.908139419,0.155532621,0.824856591
0.890539614,0.373671896,0.864242883
0.918721101,0.474521865,0.885456673
0.896594675,0.30943361,0.844920872
0.909863353,0.396761748,0.8352978
0.904311508,0.584462292,0.87865018
0.925163032,0.248083206,0.864089947
0.90246817,0.675765585,0.883126253
0.902555422,0.467763764,0.854335058
0.898801158,0.404212716,0.830532658
0.903550845,0.501243389,0.882446782
0.907452141,0.708296657,0.884819749
0.903251329,0.536785403,0.853810368
0.91287522,0.465466669,0.863739837
0.90816474,0.28688606,0.845518936
0.887818662,0.664117814,0.861296382
0.917732168,0.449205964,0.858492063
0.892541431,0.579273641,0.873563522
0.894366248,0.690784852,0.870573789
0.906024027,0.226244526,0.862275449
0.91585898,0.766194526,0.901838211
0.889087279,0.632897863,0.854943342
0.892444854,0.619712868,0.873999869
0.909149579,0.271126838,0.806079398
0.892379049,0.365519451,0.829305535
0.917503934,0.350402438,0.885490171
0.914988127,0.213622535,0.87090128
0.900344346,0.407018481,0.864556231
0.933256925,0.39211253,0.847219394
0.892817454,0.510424206,0.87757145
0.886154164,0.62046485,0.855002054
0.89274514,0.393571391,0.842093546
0.907715735,0.352343401,0.807687899
0.911822251,0.124029618,0.858720478
0.910036957,0.63653797,0.882036893
0.911757527,0.412064272,0.862780921
0.92754422,-0.069254191,0.8144045
0.891468279,0.411482992,0.868464752
0.919708847,0.407326286,0.905654798
0.908578619,0.391418426,0.866098139
0.921337674,0.391596596,0.876816069
0.905321806,0.292008955,0.887057981
0.917994209,0.438018323,0.885893458
0.879298135,0.288518268,0.832976252
0.907825877,0.474150289,0.862032836
0.91291081,0.265832557,0.832171172
0.901960856,0.610332743,0.882889747
0.913359202,0.325133863,0.874632743
0.926540897,0.360045622,0.80356399
0.90164049,0.499290461,0.857509355
0.910627296,0.240499063,0.857984132
0.91930734,0.534902519,0.8647527
0.90898177,0.491083654,0.87632523
0.899928496,0.508611917,0.866061996
0.891664589,0.589864176,0.874991444
0.897536823,0.315115243,0.875898654
0.911187866,0.469750397,0.843375022
0.908518605,0.483345122,0.863725041
0.919391698,0.658645606,0.899343191
0.901556095,0.375928262,0.868166447
0.915370122,0.383074782,0.826442925
0.915949428,0.263649091,0.837735637
0.92449544,0.444059899,0.890913363
0.908637774,0.591815748,0.876801965
0.911167371,0.506100692,0.870371618
0.911669341,0.395325195,0.835248761
0.918954863,0.542839825,0.878550661
0.892392052,0.338403871,0.815582025
0.910196583,0.204001288,0.860811499
0.916335358,0.582267951,0.883217164
0.895591936,0.594768825,0.857370086
0.906101794,0.652236466,0.883427956
0.888613329,0.439945636,0.839391189
0.893789169,0.605537002,0.867162167
0.904568222,0.596786012,0.860848673
0.912924267,0.421308746,0.83515641
0.921393411,0.607857282,0.901185761
0.917728178,0.554910463,0.876606862
0.900982625,0.064880817,0.867734602
0.906447319,0.480317105,0.867409549
0.896108156,0.317780429,0.844906192
0.895900859,0.755320959,0.881240827
0.89605986,0.58860868,0.844226891
0.903484892,0.446187756,0.859197746
0.8966118,0.588123708,0.857202343
0.909318738,0.424070672,0.869739916
0.897837664,0.471218758,0.850283939
0.916890711,0.611001077,0.871484173
0.893353713,0.53614335,0.846485276
0.891748718,0.523563689,0.854498684
0.908575237,0.669771228,0.890924523
0.908379898,0.510073619,0.861825376
0.925520402,0.565680949,0.894158007
0.902365143,0.421163261,0.866680873
0.904556322,0.187702431,0.85564224
0.875190289,0.555511706,0.835846086
0.917614492,0.344800875,0.869704649
0.92150719,0.219430158,0.846291961
0.904156788,0.700026742,0.896600951
0.90399943,0.245632506,0.878804617
0.922069872,0.372385076,0.837772837
0.897506634,0.565106913,0.871903067
0.905727147,0.584095646,0.87537876
0.897912433,0.559795303,0.86358888
0.909617705,0.300734374,0.82754245
0.910047143,0.290032149,0.869633935
0.899229342,0.350538407,0.852375035
0.90150185,0.454346621,0.880202278
0.907700982,0.455786804,0.850208582
0.924582338,-0.003241952,0.846743626
0.91393135,0.388277749,0.84666579
0.917403864,-0.081791644,0.878466354
0.909092684,0.4427719,0.853030494
0.907560469,0.583931028,0.890171788
0.864870757,0.546823909,0.835810756
0.893560286,0.305510439,0.83267252
0.898548584,0.521594238,0.8698142
0.904742217,0.5551173,0.864394638
0.902139351,0.724537159,0.89136013
0.906840029,-0.161742785,0.863560866
0.91935394,0.429569084,0.809110383
0.895192011,0.64070055,0.863140094
0.899175553,0.389615895,0.840415323
0.90116598,0.435904499,0.843470038
0.905886823,0.496534051,0.872765928
0.916136393,0.145558773,0.829397418
0.916670896,0.495815753,0.891487024
0.923310598,0.254550196,0.845831147
0.903956962,0.363512841,0.867188007
0.900517205,0.283570791,0.82334206
0.888054856,0.686167389,0.867696765
0.888506583,0.507335655,0.850524907
0.88848112,0.628033247,0.862122745
0.907409893,0.445631725,0.859939609
0.913418481,0.577062626,0.883842786
0.907147993,0.432723349,0.868306132
0.905435236,0.466604258,0.860206286
0.900110164,0.563073842,0.859150205
0.903912116,0.469493794,0.880740545
0.894213295,0.537595656,0.84936519
0.899665772,0.477319516,0.849907025
0.913449079,0.363142911,0.873100917
0.879482073,0.736317851,0.864595426
0.91270661,0.357878893,0.835705295
0.911280742,0.696221095,0.899191397
0.922506119,0.237683781,0.866383976
0.908477618,0.577312507,0.856551669
0.889467942,0.341437415,0.834692575
0.902217639,0.617362761,0.883225582
0.896468314,0.62566893,0.857389965
0.887940482,0.464397902,0.841968859
0.919825198,0.178118799,0.867424245
0.91301748,0.250756377,0.86218565
0.906524501,0.481647,0.845359244
0.899935768,0.589516226,0.860821533
0.896299248,0.408356327,0.852089004
0.893025205,0.329911647,0.826649427
0.874653216,0.654025091,0.85902848
0.889377646,0.587470469,0.857557593
0.91535378,0.418239391,0.812726086
0.903614884,0.588942463,0.83714145
0.896856476,0.58921717,0.874350042
0.893694762,0.572359334,0.868662505
0.924736308,0.316255798,0.847251046
0.910550813,0.510932664,0.87279047
0.910090233,0.526987113,0.856794851
0.884729053,0.646302194,0.872385017
0.903512385,0.579407185,0.874721623
0.889621234,0.414192973,0.847179429
0.897466769,0.637733953,0.877313484
0.886034466,0.356644293,0.826982864
0.894881406,0.55939386,0.879030398
0.88847876,0.596497994,0.829423205
0.901443278,0.380509666,0.852263394
0.926123556,0.495291573,0.884944609
0.910206988,0.379249349,0.847635217
0.900837784,0.401572502,0.871524904
0.917253362,0.36462762,0.853956976
0.908138393,0.542382271,0.877679503
0.898900471,0.424280145,0.867861072
0.89141676,0.379402686,0.848307409
0.903555817,0.506225413,0.83857977
0.905813971,0.620675099,0.875354143
0.924386597,0.497906857,0.861122253
0.908010018,0.457439832,0.882787874
0.897836596,0.402112282,0.834351248
0.914873902,0.20074564,0.813942351
0.907276043,0.456314467,0.877237175
0.902731093,0.207144245,0.834331727
0.880710478,0.304753686,0.821771431
0.920426189,0.199397639,0.802112962
0.927542301,0.576987607,0.88157072
0.915045962,0.508684567,0.851585048
0.880019868,0.676554102,0.852549598
0.910586226,0.684323921,0.884373437
0.909132729,0.245281381,0.884554566
0.891110023,0.64669827,0.858956941
0.905490128,0.493311636,0.837721447
0.921640211,0.41991599,0.866346851
0.887457428,0.607607942,0.85391395
0.887823251,0.645263251,0.836429873
0.910693299,0.693979439,0.895111893
0.906948114,0.47320089,0.873242655
0.916487258,0.651377612,0.896833397
0.889724934,0.344004597,0.836766451
0.905543286,0.30335356,0.822027628
0.902094287,0.557220867,0.87828183
0.871072203,0.464876643,0.825684785
0.895341587,0.23047222,0.820799544
0.901307237,0.609191753,0.877615993
0.910091305,0.491447696,0.88073106
0.900414223,0.592898565,0.868223743
0.893937611,0.397088978,0.83021646
0.900521138,0.207268201,0.861684917
0.90375302,0.365405272,0.84240913
0.904713313,0.531227741,0.862710868
0.904052037,0.456503462,0.829940651
0.899720148,0.297535982,0.819203277
0.913948652,0.554258412,0.874651903
0.900721374,0.541140075,0.855163833
0.89360194,0.714518399,0.875430679
0.906113943,0.394695199,0.864784205
0.907627288,0.064183823,0.819664124
0.908510173,0.301988397,0.834895251
0.915166278,0.510785602,0.890697137
0.909231767,0.493238712,0.828861988
0.899942898,0.440019079,0.875370692
0.906227298,0.495315985,0.856778258
0.912642678,0.430031861,0.854292752
0.917557151,0.372490052,0.844337188
0.916151866,0.460593683,0.858613527
0.898025499,0.377827249,0.837305801
0.898946253,0.47096384,0.86017348
0.90325956,0.180088446,0.843994554
0.896210605,0.347461428,0.841714225
0.902522725,0.398758441,0.879234833
0.904765489,0.561560387,0.873704972
0.907656937,0.736311015,0.891653446
0.903012605,0.137808879,0.818394946
0.913968945,0.4290999,0.864352864
0.928516125,0.23516,0.824142889
0.909175341,0.559853908,0.883161831
0.900624505,0.476240226,0.834687038
0.910169283,0.769674097,0.895419901
0.90037069,0.362570569,0.857713697
0.897258742,0.579038562,0.869595262
0.899380248,0.532661369,0.855500009
0.885952381,0.591758782,0.860481854
0.89337388,0.133902213,0.812518532
0.93503405,0.54400809,0.89872171
0.88587374,0.723428335,0.877804964
0.903301113,0.50125836,0.871558028
0.909248949,0.424311579,0.863937842
0.908917998,0.268640421,0.850764008
0.901236671,0.405538197,0.822169424
0.911717113,0.475384093,0.890423377
0.915826422,0.207605252,0.869313993
0.91913183,0.105813346,0.876872682
0.898056027,0.626338,0.867695629
0.904533882,0.546826475,0.878465479
0.889367061,0.642851298,0.859572501
0.896266805,0.746132875,0.878311798
0.913814367,0.568088477,0.854492297
0.923956792,0.397764981,0.877494241
0.903805241,0.649443813,0.86218254
0.878393151,0.575896937,0.849230152
0.882797122,0.255022877,0.812751579
0.920525481,0.404590953,0.891573065
0.906470674,0.509391379,0.860106538
0.906732673,0.440762367,0.859193689
0.906554485,0.355449228,0.803736066
0.903738343,0.411516295,0.838927759
0.90851371,0.339995828,0.844828024
0.912572341,0.384801594,0.862660017
0.917679421,0.372087973,0.858930732
0.911125985,0.516575566,0.871479138
0.903779799,0.370049237,0.83205358
0.912674804,0.5289501,0.87388498
0.886129112,0.339384373,0.850873424
0.901662182,0.654356428,0.88498859
0.906999226,0.675306992,0.883980974
0.891202687,0.563267686,0.854172592
0.912625715,0.352419618,0.859029312
0.90620109,0.420966432,0.858387512
0.916233071,0.294987499,0.861729673
0.894971598,0.193507787,0.807647025
0.920991402,0.457113835,0.840348372
0.92470833,0.288068147,0.885505979
0.918676131,0.547960291,0.883178473
0.907152599,0.56335234,0.869867544
0.912664276,0.540615995,0.857139203
0.904229068,0.436921931,0.860019604
0.90921078,0.435231022,0.831305894
0.895540282,0.459612157,0.851167295
0.899077949,0.293807972,0.846014767
0.911548025,0.408367582,0.85684362
0.921954359,0.269229944,0.819358164
0.887662847,0.687847391,0.877805704
0.918154425,0.25474179,0.89252324
0.906231037,0.270718912,0.883250133
0.916637999,0.632335323,0.900966141
0.913929354,0.435447949,0.843008886
0.898382105,0.50572476,0.879259911
0.892250264,0.672349709,0.872242504
0.904125407,0.440465713,0.842351601
0.895494283,0.456706895,0.843243377
0.910097523,0.30174953,0.857032783
0.919778042,0.366908163,0.873307849
0.87545555,0.625935823,0.853444756
0.903781469,0.410007678,0.853937172
0.886326359,0.370675253,0.833851556
0.881659256,0.497859881,0.842383835
0.874009447,0.441476229,0.83602707
0.912532536,0.385774275,0.846777098
0.900311783,0.551308279,0.879318137
0.904906508,0.613531843,0.886891103
0.90477833,0.570021265,0.870487039
0.894050858,0.454829093,0.845562901
0.913644277,0.588303434,0.877079815
0.911089551,0.115903014,0.805907122
0.880388846,0.621016219,0.859639462
0.904689804,0.465177882,0.83401103
0.897253419,0.712877558,0.89099724
0.91299862,0.491382348,0.846280907
0.918096183,0.281767431,0.832292106
0.901162624,0.498317907,0.850646062
0.921575934,0.442942414,0.884852166
0.911134073,0.187191622,0.878058066
0.893179051,0.671294915,0.870197935
0.911523467,0.495095254,0.851766219
0.925164171,0.619444704,0.89394548
0.906623218,0.616015159,0.885008296
0.892298205,0.66734251,0.881364755
0.889578709,0.643514796,0.877602944
0.901309001,0.384084343,0.834883868
0.915839061,0.361031561,0.859106615
0.912335968,0.023985912,0.86723568
0.917724001,0.442889883,0.838470267
0.906822265,0.359676911,0.826457584
0.90336366,0.327387364,0.850591146
0.902846208,0.387486533,0.829278405
0.901223891,0.200646451,0.847290993
0.906962641,0.588621823,0.888902192
0.900595592,0.338950062,0.874742002
0.899150209,0.055761954,0.856634475
0.908105877,0.683997635,0.887102001
0.903508731,0.606909237,0.876903444
0.907931447,0.518614511,0.860606297
0.914251993,0.421545389,0.813924303
0.920586114,0.72895788,0.902881637
0.904298716,0.667299507,0.883861672
0.903118338,0.440110058,0.841183865
0.916234817,0.507609893,0.894663216
0.916291815,0.247201977,0.865320854
0.892022427,0.651297582,0.867866131
0.891736431,0.368447575,0.851071394
0.917786188,0.591861249,0.902385251
0.90935638,0.469162853,0.89124001
0.919506065,0.747547397,0.900779419
0.884076566,0.671534142,0.862478107
0.900981485,-0.019602923,0.867249697
0.906511751,0.539573179,0.854189179
0.92531148,0.379660046,0.839394568
0.909842148,0.483950535,0.862504972
0.89790453,0.624423287,0.858422948
0.90622966,0.608692579,0.864081294
0.91636695,0.317150095,0.828729871
0.896358694,0.702021368,0.871722725
0.911662365,0.430036964,0.825310822
0.913808086,0.5121334,0.876397479
0.903463308,0.366736829,0.85590095
0.899265759,0.657763066,0.86416867
0.874488542,0.552000022,0.831646646
0.903832705,-0.149351367,0.835241351
0.909297927,0.728183102,0.892920713
0.904082372,0.466332811,0.852608751
0.912712783,0.248277129,0.871058277
0.9196016,0.449229813,0.856649563
0.909374974,0.411249203,0.856650487
0.90995851,0.382705344,0.864896944
0.930136783,0.161859731,0.864337545
0.914294843,0.571962751,0.873260794
0.921680616,0.345491071,0.873719862
0.912209536,0.324069507,0.860968153
0.913793907,0.230072669,0.885831159
0.912445856,0.565112781,0.871315854
0.891335226,0.417874523,0.863064136
0.890999691,0.475514341,0.865717355
0.909544437,0.300103022,0.848999022
0.915436324,0.48906767,0.839295058
0.918328035,-0.150840235,0.876289296
0.911169877,0.404041577,0.827805287
0.904765183,0.562452331,0.874097028
0.90463368,0.397062357,0.827582594
0.912666132,0.384316974,0.874276992
0.922813481,0.381947589,0.835182346
0.921403631,0.255072191,0.858514935
0.901275135,0.596192379,0.863628657
0.899952731,0.526687392,0.858999217
0.914766881,0.13183582,0.841671248
0.903677258,0.404169119,0.83574013
0.927377816,0.103831683,0.84703744
0.873278044,0.625419161,0.852240258
0.882160123,0.551454303,0.854841335
0.902311088,0.430137906,0.824056187
0.907531622,0.633018732,0.883095318
0.895334289,0.451934761,0.8616204
0.899482707,0.471396562,0.849029634
0.905708403,0.188675526,0.859510454
0.914697313,0.532126175,0.886181402
0.90594661,0.538615074,0.873429263
0.910914717,0.481787754,0.874033044
0.901834388,0.333687906,0.877618402
0.87833763,0.617703536,0.851870498
0.893489641,0.29273968,0.865442556
0.916670085,0.207866325,0.831012094
0.890788518,0.670328851,0.871663401
0.915526448,0.317286239,0.875134432
0.897452969,0.7187465,0.882815099
0.919395774,0.254460008,0.833010595
0.89707283,0.239138211,0.851102672
0.902311983,0.583812091,0.869465647
0.926184764,0.461788515,0.860708141
0.887996495,0.335923531,0.845254495
0.91176515,0.292489788,0.874256201
0.883132919,0.581135685,0.864954428
0.877782661,0.216443423,0.848031661
0.916179712,0.538068338,0.850080795
0.884851433,0.611081592,0.853930799
0.892756437,0.508588944,0.871999528
0.889497034,0.451285961,0.828964209
0.905871367,0.568068608,0.886858632
0.903724822,0.221433208,0.841910748
0.916352274,0.588519625,0.862975439
0.897464459,0.508453635,0.82560132
0.905742041,0.456948408,0.868344602
0.901613047,0.560402906,0.875734288
0.912132424,0.228098301,0.851253788
0.893947703,0.750641813,0.881596056
0.893940616,0.554987413,0.852658569
0.923070111,0.492955556,0.896977991
0.924514946,-0.097828595,0.877463253
0.921380791,0.39853837,0.897183678
0.904319819,0.409058429,0.89044929
0.902398685,0.40968869,0.878333166
0.908164389,0.517281358,0.872140256
0.920303587,0.389028187,0.80345604
0.908079525,0.359461045,0.873851148
0.88265116,0.805844547,0.874722829
0.911149031,0.496548449,0.878867034
0.895150476,0.366017144,0.825459944
0.878991726,0.71229861,0.861963005
0.906900354,0.260108157,0.838295281
0.918110347,0.148602613,0.824096743
0.897351216,0.601849187,0.856091104
0.913217047,0.683849396,0.894581607
0.901966053,0.383704381,0.831839774
0.917172456,0.230440287,0.889358394
0.918859935,0.395769358,0.828475347
0.897307426,0.465805703,0.835072874
0.899834182,0.477323458,0.870490633
0.89283682,0.321243475,0.82954581
0.913902453,0.287683455,0.820687083
0.919318507,0.285804486,0.876501079
0.91655745,0.392951656,0.861702817
0.87201522,0.433503686,0.816273974
0.902476188,0.59115324,0.886304609
0.897924593,0.685941045,0.876692469
0.900858099,0.378039205,0.872873743
0.893612475,0.430177275,0.815299152
0.898135625,0.642570484,0.865992562
0.90458521,0.579135066,0.880477399
0.89664314,0.59746479,0.872572419
0.916097276,0.436934408,0.852354194
0.922032987,0.473278751,0.864717088
0.916419806,0.589521094,0.887069052
0.891799522,0.4842009,0.859187022
0.900513645,0.634383214,0.867209847
0.896142013,0.074727308,0.86176678
0.909818254,0.603853215,0.896724518
0.916113632,0.74564728,0.904107502
0.919426966,0.248607518,0.819917544
0.899233718,0.020547554,0.866010264
0.908245173,-0.543181282,0.872369268
0.899272392,0.202031595,0.829698014
0.908813503,0.612372641,0.894753179
0.904126969,0.363926209,0.865996923
0.888307279,0.697602001,0.873504728
0.907322316,0.439672465,0.824208394
0.906973266,0.304451433,0.818442164
0.910424347,0.544138297,0.86257869
0.906654202,0.627818083,0.873698834
0.920766441,0.201700626,0.894911816
0.896649013,0.629959526,0.87603992
0.90818552,0.473475579,0.851272251
0.905373111,0.235677287,0.86027703
0.899947283,0.633277288,0.879507687
0.886153364,0.571052605,0.852282257
0.907936453,0.376009999,0.866575155
0.905822113,0.467485435,0.823168259
0.896753429,0.551053171,0.859023969
0.915438333,0.208718259,0.835238539
0.915135034,0.602447194,0.873858617
0.898553209,0.450138951,0.863387046
0.882202576,0.545196751,0.850854742
0.909769346,0.626567169,0.873581971
0.895081075,0.384484079,0.855979486
0.908137598,0.558279676,0.861194906
0.91298753,0.79181464,0.900266726
0.903724579,0.667195102,0.871683702
0.923968107,0.133048696,0.783579661
0.913697609,0.51157374,0.874237115
0.919718323,0.826670712,0.911421892
0.915129312,0.363838006,0.87539154
0.900708626,0.484899903,0.85750929
0.900666668,0.108915982,0.873821924
0.91003477,0.329793652,0.871337045
0.928206364,0.334069147,0.841955866
0.909690835,0.588399966,0.882942238
0.890288666,0.583883751,0.832172199
0.902057006,0.549630992,0.870693192
0.91308552,0.394235915,0.884986882
0.914810779,0.551002504,0.892265971
0.879248016,0.730254186,0.865880371
0.917300728,0.581780324,0.867394179
0.918014077,0.445834275,0.876133204
0.913275702,0.639733115,0.88356289
0.8958447,0.549682496,0.86521519
0.909730749,0.599392461,0.879844007
0.914393341,0.292027788,0.859233534
0.910685204,0.499638204,0.867631227
0.913001202,0.386867068,0.84777299
0.909615164,0.276646839,0.857634601
0.904412234,0.394798419,0.863149151
0.88329132,0.587575786,0.856634507
0.916846012,0.376930085,0.87235677
0.923153876,0.290636226,0.889356773
0.91979956,0.363118036,0.861534739
0.897872561,0.637975498,0.877035647
0.917422868,0.310445521,0.860108377
0.895768082,0.498022766,0.863345442
0.914154862,0.080288205,0.872659793
0.913984702,0.451105186,0.828466403
0.907444088,0.647298166,0.874777623
0.890434145,0.765169573,0.879546173
0.914093997,0.557527698,0.886252365
0.906750698,0.598913606,0.889992076
0.887444716,0.652713048,0.866631101
0.9175673,0.352202633,0.849666974
0.907665204,0.382170666,0.836341623
0.91393611,0.667558181,0.898521598
0.895312241,0.330447736,0.84123788
0.916849049,0.199468414,0.885726281
0.906586147,0.568733533,0.852253597
0.910227885,0.552095177,0.864938227
0.92900367,0.513117605,0.8686455
0.889646322,0.288798466,0.816418875
0.899482843,0.373382653,0.856289506
0.901178579,0.200660903,0.828932693
0.917916332,0.319322412,0.851023815
0.903959011,0.315332847,0.844829551
0.911296744,0.300993359,0.849325935
0.911832415,0.522826152,0.870365253
0.876711826,0.465955696,0.830374432
0.893966911,0.562379724,0.871643024
0.907233635,0.465459684,0.876654386
0.920850528,0.657004213,0.905699042
0.879508724,0.654402361,0.855312765
0.911615523,0.529166306,0.874232573
0.899635077,0.626761402,0.863842451
0.899011801,0.261907607,0.804526613
0.909092585,0.240072709,0.882992649
0.918370516,0.534236125,0.856018459
0.919889527,0.172579247,0.871142516
0.908880978,0.473772815,0.87843349
0.917005978,0.446745151,0.844867111
0.91899001,0.653423849,0.88402353
0.891800264,0.629013936,0.868031493
0.891290556,0.647267835,0.874555594
0.917046387,0.225703791,0.890732368
0.90995741,0.788395563,0.894915598
0.899795435,0.414665302,0.839389953
0.919013586,0.069288619,0.794400713
0.906443509,0.541805695,0.863514562
0.930705014,0.494722354,0.870324332
0.905739495,0.747618013,0.8944518
0.913674589,0.304247223,0.852132342
0.881128314,0.627167094,0.857973033
0.913871897,0.357896709,0.872215667
0.902904417,0.487494851,0.872510624
0.90954609,0.395460254,0.835708804
0.863154675,0.660258986,0.849049896
0.906661857,0.579894222,0.865943275
0.91515605,0.16100526,0.885350695
0.895122534,0.193089104,0.865507852
0.902255959,0.674148721,0.88270196
0.917497157,0.705191898,0.891969486
0.911490013,0.477719086,0.836000101
0.886012903,0.627453161,0.850563175
0.872353177,0.613117542,0.856229871
0.92275781,0.358694607,0.873224803
0.912545731,0.535691083,0.870877071
0.881699933,0.557435909,0.842748917
0.912960391,0.493592984,0.867048626
0.903488897,0.393933125,0.845597309
0.916465184,0.527425878,0.876867107
0.896420365,0.757430411,0.888464081
0.91185052,0.592786107,0.877643209
0.902982964,0.440368342,0.853407641
0.88873117,0.514594197,0.873609716
0.892983204,0.380301408,0.848272395
0.916006882,0.512064907,0.869356444
0.888695845,0.461830248,0.827376454
0.907404087,0.669054163,0.88064966
0.920989349,0.282418658,0.852373003
0.875103513,0.542237136,0.848955522
0.895064165,0.705634062,0.87418909
0.904450171,0.531212445,0.8668561
0.906641021,0.306427749,0.830324616
0.890305813,0.338756426,0.796257279
0.916567125,0.498353721,0.863814651
0.888671745,0.354592648,0.836766202
0.906630037,0.120733855,0.868095747
0.889886573,0.39371462,0.832009889
0.910769296,0.587993639,0.88723762
0.902963052,0.568329473,0.863640204
0.898136615,0.241832885,0.872104544
0.890129506,0.734260574,0.879313512
0.90738802,0.463659137,0.853884534
0.904080997,0.734430266,0.896114961
0.905270304,0.333692738,0.864763665
0.908879102,0.36858557,0.85420492
0.919820697,0.585257767,0.878014136
0.916123806,0.50360662,0.852061249
0.907905876,0.440460039,0.849730779
0.923266482,0.378419624,0.904877626
0.918954844,0.320283021,0.813671163
0.890463416,0.395197199,0.838427635
0.901298609,0.532708195,0.861053279
0.909804149,0.055155527,0.845706733
0.914671688,0.195698057,0.83092397
0.92861994,0.578062446,0.870418167
0.889901064,0.295542572,0.808094865
0.91515018,0.341544668,0.877324614
0.917142627,0.558424115,0.902982386
0.897741386,0.309601884,0.808685103
0.902738278,0.519457746,0.859124302
0.92427373,-0.113146701,0.823127589
0.904896264,0.594992129,0.879738016
0.90420403,0.684731288,0.882840369
0.903264031,0.07381682,0.848047012
0.910173859,0.25574541,0.840447757
0.898854066,0.661733374,0.873893955
0.91608074,0.423784997,0.876387325
0.903851998,0.52766928,0.844721759
0.907296986,0.314794312,0.867504632
0.905523437,0.759723384,0.891450436
0.897587948,0.589830764,0.868925004
0.903261661,0.243956592,0.842139231
0.89969271,0.694561384,0.875626464
0.902110059,0.473810038,0.858669134
0.907694479,0.55690332,0.873988976
0.926232152,0.451194695,0.888962025
0.90199028,0.503269405,0.877685038
0.909458967,0.425073033,0.820549311
0.917690565,0.415955177,0.857768885
0.899461882,0.560968573,0.854498085
0.907089461,0.443755792,0.858142255
0.904161187,0.447838865,0.884239854
0.933918634,0.081951418,0.850275028
0.920733128,0.328659368,0.846663522
0.902842329,0.56813364,0.877511874
0.90578185,0.499257788,0.856153563
0.895737365,0.370542378,0.839212784
0.907242464,0.624858913,0.867490912
0.905360453,0.35351764,0.850760976
0.909190833,0.286524971,0.844732403
0.886624867,0.497903668,0.845825319
0.899407387,0.141410676,0.837339728
0.903493724,0.534889218,0.876195241
0.889520533,0.630391925,0.866548888
0.926020274,0.210349725,0.856910779
0.911265306,0.262327733,0.83131187
0.891375868,0.755730393,0.876121703
0.902146414,0.412540631,0.867153781
0.911326897,0.366371812,0.871336697
0.909684318,0.191698532,0.870041919
0.906938707,0.459691846,0.859237014
0.914584229,0.462250078,0.857913441
0.910936492,0.060719262,0.861143929
0.906585973,0.595225515,0.864515825
0.892226628,0.479983548,0.858880676
0.899369635,0.639246385,0.874670416
0.905845319,0.59030622,0.869037066
0.832291518,0.50383136,0.807052828
0.900168608,0.088175176,0.849985556
0.906425406,0.415072751,0.861979022
0.911717667,0.382665882,0.826225931
0.906388358,0.577085315,0.864823457
0.916732889,0.388258032,0.851500783
0.894873687,0.276405841,0.827480167
0.900563967,0.595625773,0.863942902
0.93108365,0.13261713,0.871525359
0.899526011,0.233112073,0.848113647
0.898112201,0.60647476,0.871278664
0.908240078,0.367641611,0.798836771
0.920135698,0.349573595,0.887054175
0.890664818,0.461049599,0.837949783
0.912121198,0.385478885,0.882229096
0.91305312,0.368236834,0.884657917
0.915858565,0.366796472,0.795511113
0.902405824,0.344709644,0.84936624
0.912616659,0.511641147,0.873162541
0.910494409,0.63421996,0.875163776
0.920467439,0.597625488,0.87213803
0.924622873,0.401546713,0.85320043
0.891903952,0.589471727,0.851392355
0.909314117,0.597189093,0.879407902
0.913983107,0.69442385,0.894840891
0.917307425,0.399064042,0.856476287
0.913985498,0.354121362,0.883157795
0.89624659,0.613954691,0.871287128
0.911472138,0.238319059,0.817899438
0.898260442,0.539118225,0.842941969
0.920784404,0.265551318,0.85886784
0.90865636,0.519323001,0.87368653
0.912978058,0.492281943,0.89263921
0.905847224,0.521767046,0.825936935
0.909705775,0.23234262,0.840193864
0.892058532,0.319961278,0.823126094
0.89950188,0.716131874,0.884881956
0.919545036,0.472837789,0.823095063
0.910256338,0.328848441,0.833380127
0.910738776,0.326017562,0.881852338
0.916326447,0.507360132,0.897256378
0.891056138,0.406372178,0.863123577
0.891898539,0.545042972,0.848778695
0.907576289,0.43296313,0.829828546
0.910254754,0.479193918,0.8801158
0.908678468,0.602957792,0.884951
0.901802198,0.627106809,0.876091041
0.911826119,0.584988749,0.874497335
0.890750516,0.641568945,0.855928557
0.894879511,-0.144439956,0.860222675
0.921042889,0.356293007,0.85365558
0.89800479,0.376483948,0.865434636
0.904649562,0.555748097,0.831323757
0.900786418,0.552445755,0.876258087
0.919847677,0.24697829,0.838424465
0.875699861,0.257424239,0.809900213
0.909932217,0.465699246,0.852087714
0.901567894,0.438586877,0.837987785
0.922295575,0.395541104,0.839498515
0.908679516,0.259627204,0.874572629
0.900182366,0.556635569,0.877565813
0.916900594,0.653500705,0.894243191
0.89477967,0.499431226,0.868531068
0.919713559,0.523776299,0.893393993
0.88403931,0.70149468,0.866736677
0.900805069,0.309413807,0.873241069
0.882334388,0.46345139,0.837774937
0.894756184,0.61817619,0.872190015
0.900226386,0.733020378,0.885152864
0.914029167,0.404352215,0.850242365
0.902087636,0.251846661,0.858766138
0.915802825,0.343589503,0.863718989
0.903511273,0.450315088,0.835814517
0.895914756,0.591876885,0.879637989
0.907863615,0.244712709,0.812563208
0.904941164,0.258292123,0.857326458
0.931413563,0.352515071,0.864242153
0.906216725,0.570144451,0.879072242
0.92292065,0.576523002,0.88787857
0.890254567,0.26107724,0.851280477
0.909488452,0.223258482,0.791099034
0.885367602,0.632618639,0.842545525
0.91567269,0.343299183,0.847583098
0.899659041,0.483265859,0.878180827
0.892339081,0.533005341,0.845646687
0.917355341,0.191521842,0.820906722
0.909592799,0.460882039,0.862782259
0.870030644,0.584274967,0.83769553
0.890066665,0.646773356,0.862433548
0.929696446,0.146866886,0.869929384
0.908565485,0.550026227,0.855137013
0.900866393,0.426955049,0.854915724
0.897610557,0.207913588,0.874627892
0.914860596,0.498988639,0.898848341
0.893291185,0.577042011,0.862471358
0.90216194,0.580997632,0.884692853
0.918159457,0.260043676,0.894371458
0.918623278,0.452385033,0.860077798
0.919991249,0.610506474,0.897265717
0.906940943,0.418253341,0.861130208
0.917815926,0.432420903,0.861183239
0.915120681,0.433615973,0.883968295
0.901264257,0.524278563,0.870056243
0.908704061,0.552761992,0.878291059
0.905318808,0.298592537,0.845097501
0.903536134,0.201795388,0.849417107
0.9291148,0.520771417,0.904975646
0.92059925,0.193700229,0.891184247
0.897841781,0.130905658,0.806808977
0.909871578,0.37284067,0.869389341
0.895222246,0.739163254,0.880212381
0.902039663,0.589702784,0.883448119
0.909478982,0.511939864,0.872846961
0.90372955,0.45723627,0.884032632
0.92120763,0.275526946,0.864560663
0.897970383,0.470238096,0.844769069
0.89758258,0.43280992,0.869440959
0.90484413,0.519514463,0.871673721
0.894855487,0.545130946,0.86409661
0.882697139,0.761585177,0.867962956
0.91217439,0.268146813,0.800115124
0.895297052,0.537030997,0.842705978
0.907500718,0.273606726,0.865481755
0.913821067,0.271941079,0.883877449
0.929168573,0.372625053,0.849091091
0.913021487,0.383149373,0.842882524
0.899214895,0.430716853,0.835822694
0.907309876,0.471654043,0.887649374
0.90893811,0.566822674,0.876293801
0.906320138,0.351410581,0.804204287
0.914258118,0.210856032,0.880706432
0.896512397,0.381458377,0.843329338
0.901443893,0.508438217,0.856209412
0.919077287,0.586969868,0.883966228
0.895044104,0.689491423,0.884475925
0.904574171,0.086858903,0.865908618
0.904689662,0.555063709,0.871556829
0.899460364,0.051907454,0.871872631
0.907042849,0.427800615,0.860725707
0.905081972,0.401619103,0.855767696
0.896311748,0.598040017,0.874026563
0.929081614,0.287566275,0.870429933
0.925499969,0.499440201,0.844313155
0.909894765,0.531293922,0.856762476
0.904662892,0.432494282,0.882147468
0.898933944,0.503979977,0.867509486
0.903282685,0.289794241,0.852335531
0.90282055,0.400396571,0.849501041
0.909409107,0.511415076,0.865689545
0.910771044,0.600169137,0.889194826
0.91382964,0.282494476,0.860064089
0.908121317,0.42206158,0.81926388
0.907814188,0.657800117,0.880285674
0.904547882,0.225444396,0.863858712
0.911300982,0.407220138,0.882320242
0.88866205,0.61789861,0.857478907
0.910234302,0.497592303,0.863223631
0.900522101,0.375291998,0.829872932
0.908433759,0.495917241,0.887369857
0.930295086,-0.015914968,0.852164471
0.905642113,0.50840492,0.876029236
0.890540131,0.55522164,0.867242744
0.903705775,0.358079775,0.869823113
0.921615162,0.597062629,0.879316712
0.92008766,0.300005413,0.860869901
0.907621555,0.268745741,0.874738147
0.908329058,0.468920523,0.880697256
0.919816843,0.241652224,0.861011085
0.888839448,0.543744759,0.859501956
0.910893043,0.263745786,0.856807745
0.900599427,0.433468606,0.83716809
0.901036071,0.529368464,0.858693296
0.867696476,0.463365261,0.834013109
0.885293039,0.443748524,0.840726631
0.880995974,0.714342549,0.867581659
0.923145458,0.46180431,0.865026822
0.882824058,0.283828217,0.823856108
0.913062611,0.439198093,0.851312306
0.906151115,0.588062893,0.849927758
0.923197887,-0.017520203,0.848750828
0.892573511,0.340921325,0.830251069
0.894921681,0.379272268,0.856842958
0.899177401,0.393769356,0.871345508
0.899153508,0.600311512,0.884808057
0.911449557,0.487120974,0.880228953
0.915648585,0.678743345,0.898342831
0.913348573,0.532049875,0.846607446
0.909100187,0.735667766,0.892567875
0.919516354,0.395281993,0.856135837
0.898136045,0.392527298,0.881131731
0.924114685,0.683513204,0.890887518
0.912819934,0.641421579,0.884759415
0.909302849,0.246165327,0.881640024
0.907960435,0.33878119,0.87551742
0.916268546,0.433864977,0.863983109
0.90866866,0.511889767,0.878600465
0.902885772,0.110695559,0.863109234
0.903764894,0.656544125,0.8744987
0.901387093,0.686944388,0.892295833
0.916868412,0.428001691,0.875586578
0.911838904,0.222409333,0.830318706
0.918016693,0.536950296,0.896255936
0.893591402,0.311583804,0.858334546
0.891716177,0.119411495,0.838770626
0.906430634,0.642485676,0.865906659
0.91252808,0.790204775,0.900530112
0.904356937,0.662531441,0.88099667
0.895590169,0.316298038,0.871300593
0.919441055,0.546823936,0.882083105
0.892998939,0.249131847,0.84916715
0.87786097,0.517075373,0.863815508
0.90506007,0.565573722,0.888361261
0.910516784,0.572829641,0.870831636
0.902602776,0.515380182,0.888495686
0.896470212,0.484672456,0.857236612
0.901689877,0.451405222,0.880972291
0.902813778,0.281655259,0.831816267
0.904870366,0.25501775,0.868171149
0.904914726,0.326021766,0.869287192
0.930934835,0.29043262,0.857376693
0.914784557,0.48543084,0.878436861
0.905416834,0.379239915,0.853096845
0.932488338,-0.053061848,0.794719024
0.886129462,0.621805776,0.858061192
0.927294091,0.557777317,0.91046167
0.903841051,0.339053962,0.856916784
0.896513838,0.448709048,0.871768057
0.908969816,0.35071794,0.86564624
0.912371231,0.523716801,0.876627767
0.894045562,0.368261503,0.864419694
0.917397408,0.700888219,0.89884328
0.894221704,0.716618294,0.878610975
0.905189487,0.077444851,0.870015719
0.90469017,0.592333899,0.865685719
0.894374947,0.487131865,0.828887546
0.920371967,0.629968183,0.887746026
0.908143926,0.623979154,0.887074646
0.902023557,0.572440417,0.857162209
0.88491554,-0.374249637,0.840319703
0.904680543,0.162773788,0.866434765
0.901495255,0.392318108,0.805645987
0.903640875,0.39201981,0.812721441
0.887159689,0.468975353,0.867517695
0.901813456,0.074524766,0.849983289
0.91500506,0.284123058,0.892977971
0.927266228,0.396323128,0.876781
0.892823852,0.338891112,0.822302783
0.901643035,0.669971068,0.876414035
0.905069017,0.472556,0.858356905
0.914978546,0.354669024,0.884096699
0.889773283,0.599571939,0.843917322
0.909326878,0.447692301,0.863076227
0.917936582,0.373058138,0.890181982
0.909554217,0.316769916,0.861695263
0.898394834,0.663932307,0.875613106
0.925515156,-0.095240467,0.873945817
0.892452863,0.552553868,0.861837477
0.878902737,0.588900409,0.843891775
0.919445587,0.245160833,0.821348168
0.917487575,0.638127523,0.880161529
0.884489008,0.555512915,0.857763205
0.913303765,0.578919263,0.87268137
0.898560685,0.484749612,0.849642242
0.891639954,0.683776111,0.872415051
0.92407789,0.225193087,0.78117565
0.898935213,0.403965575,0.84046058
0.889248417,0.697698186,0.873320717
0.908068795,0.550849872,0.875784523
0.888339707,0.50018482,0.859006857
0.90842751,0.555667635,0.872199682
0.90139876,0.318317469,0.864726948
0.900441638,0.480036389,0.863982819
0.909686248,0.596515374,0.86770744
0.916095858,0.338745205,0.837121714
0.890672481,-0.024901407,0.85363999
0.908524795,0.217533596,0.866483552
0.91413357,0.583374699,0.898181047
0.892865631,0.488906735,0.861664
0.905612749,0.34281005,0.857667565
0.897794844,0.333877201,0.811768731
0.903997935,0.672440082,0.89122161
0.917043793,0.264390465,0.821861254
0.906933596,0.411105974,0.830137
0.910607199,0.249839997,0.865472531
0.907637745,0.432239038,0.842596799
0.914083687,0.462397832,0.852913602
0.937165551,0.130851229,0.831840019
0.899958079,0.37512603,0.851057969
0.881145408,0.496278394,0.821227554
0.914124563,0.388116843,0.861480585
0.908522134,0.578952903,0.882873532
0.904251823,0.648239806,0.887825733
0.91222404,0.275070514,0.840563687
0.89702614,0.494082516,0.85873128
0.883332063,0.544061452,0.870452525
0.888790998,0.758440049,0.880735021
0.912565457,0.614090468,0.881884966
0.901315,0.662586494,0.875610211
0.903660477,0.618403306,0.885948743
0.917041806,0.34721231,0.834639355
0.912438592,0.75618095,0.901687294
0.904062303,0.540732375,0.868943465
0.91861067,0.533597573,0.869172649
0.914951541,0.458949938,0.892373901
0.922130137,0.292856607,0.845964283
0.914159464,0.644174789,0.88170065
0.865494973,0.61849924,0.840911982
0.888226781,0.535014255,0.837464493
0.918029574,0.542926797,0.850708758
0.901476837,0.40846472,0.85008931
0.892144379,-0.164225537,0.86134506
0.89960338,0.268609642,0.853080594
0.882984112,0.659951547,0.866251258
0.927790656,0.508956487,0.877294497
0.896741962,0.085701078,0.867082883
0.892322947,0.532610888,0.830383581
0.916125531,0.382286915,0.848498642
0.916515553,0.405981457,0.876252717
0.928310783,0.589573033,0.877948535
0.903242267,0.652412331,0.881571298
0.905024862,0.398680462,0.882964408
0.929621233,0.350884694,0.875920892
0.910661046,0.440419927,0.889240235
0.887153219,0.471265392,0.843022725
0.89308445,0.501485731,0.859143563
0.909902555,0.654258577,0.894640591
0.892355805,0.192990899,0.856332426
0.910937742,0.417161759,0.850591379
0.905319032,0.483116092,0.875645511
0.90383677,0.483932184,0.861809347
0.905682461,0.476380212,0.837135207
0.909575596,0.781417257,0.90259939
0.909250663,0.343279132,0.83878509
0.922315286,0.487921439,0.869233863
0.91762325,0.555168776,0.877397391
0.897613821,0.4928083,0.857752613
0.898357619,0.73152179,0.888011498
0.920959136,0.150313585,0.800266348
0.892898235,0.442334624,0.852313259
0.917628815,0.133385833,0.874795188
0.899328981,0.391223763,0.866968608
0.914357064,0.040475464,0.876957374
0.895701024,0.408991518,0.851760397
0.920489017,0.50335906,0.892303068
0.901116388,0.641266305,0.890170199
0.914624879,0.38403156,0.86519808
0.899722415,0.602646165,0.88329749
0.897977225,0.478936221,0.854281887
0.904448733,0.286276729,0.832320287
0.919869852,0.245953818,0.884416079
0.918439402,0.027950457,0.877634626
0.893597199,0.364971092,0.864072697
0.905693221,0.311159089,0.870078362
0.907775067,0.414510321,0.886214593
0.909775512,0.608028337,0.895475424
0.886329042,0.287218057,0.833572787
0.888019207,0.428565562,0.7975921
0.91610882,-0.02829637,0.882073972
0.906215897,0.421517471,0.888385577
0.919399724,-0.023282184,0.845351174
0.917351621,0.246692972,0.885680429
0.912927402,0.259067756,0.856494215
0.918962168,0.463842461,0.872300063
0.902838328,0.312686709,0.882151628
0.907486314,0.352788123,0.825442199
0.92271363,0.488973071,0.828311596
0.902059332,0.616250915,0.869845431
0.912394754,0.369997119,0.837230155
0.878121465,0.385227902,0.82373992
0.889530159,0.875262822,0.889282193
0.922752871,0.387303205,0.894154613
0.904165447,0.539866107,0.868814738
0.905055543,0.245686684,0.836868818
0.911340532,0.24905596,0.826577285
0.899576642,0.395575776,0.877096045
0.914505835,0.464732996,0.868689265
0.906962065,0.642583995,0.874558383
0.928084986,0.27624677,0.864365155
0.896298856,0.088879266,0.823166815
0.914581228,0.558003405,0.894401468
0.892434174,0.503853813,0.81428114
0.895762521,0.368841418,0.836698588
0.905034715,0.314693605,0.867364637
0.890275873,0.631070314,0.850944826
0.934571391,0.250430385,0.844334065
0.905749502,0.617105024,0.876617264
0.889007549,0.454273424,0.868687055
0.90489082,0.588299851,0.874277674
0.888150904,0.288297749,0.837761754
0.892119175,0.696274462,0.878050303
0.932692223,0.492269122,0.851222505
0.895039377,-0.053116208,0.833857039
0.906282379,0.473437256,0.889171156
0.896560947,0.623114632,0.856758228
0.871433435,0.452702928,0.842621061
0.92773573,0.388416529,0.84196576
0.872989517,0.778351054,0.865179094
0.902768142,-0.21788309,0.867205304
0.912690561,0.652313853,0.891336108
0.893087678,0.422986387,0.810846813
0.890589485,0.421483253,0.849707909
0.904382963,0.727563121,0.881472798
0.893493472,0.504305666,0.859974789
0.894976966,0.390227338,0.830806947
0.906421408,0.634295576,0.8825557
0.914532832,0.522645151,0.871248299
0.89762919,0.324907745,0.831508665
0.904754895,0.545387084,0.880846827
0.912255644,0.441673752,0.873219567
0.924899221,0.419823206,0.887267643
0.908018722,0.543756478,0.885690581
0.890169625,0.133840663,0.8710913
0.897438002,0.520542517,0.840713365
0.900347268,0.66603606,0.884759669
0.890052117,0.358769441,0.855511092
0.88474651,0.413869273,0.850840278
0.916875898,0.530116102,0.857806467
0.915631982,0.5368416,0.881778228
0.881867833,0.846815698,0.877853151
0.912208777,-0.035111435,0.841057362
0.918152128,0.109837302,0.851111854
0.906981473,-0.055146349,0.883495658
0.901415701,0.687607633,0.865893871
0.887801159,0.508024232,0.871011414
0.910111541,0.641705245,0.873525053
0.916328737,0.643771051,0.880601521
0.8935418,-0.731506057,0.842987295
0.874390837,0.705147829,0.861495403
0.909990891,0.621748724,0.880308273
0.904808323,0.210639998,0.8466704
0.904440652,0.391137567,0.826740158
0.901988374,0.467519212,0.840833835
0.930448152,0.372391213,0.848467671
0.904648749,0.711133422,0.883894942
0.89643363,0.227590946,0.813415405
0.913734616,0.57213144,0.855225397
0.874502424,0.464400365,0.831844332
0.902995766,0.569658034,0.875167568
0.903869005,0.530464741,0.888993752
0.920542791,0.582507165,0.878345143
0.90540912,0.432412942,0.861973308
0.90424182,0.559006706,0.865345082
0.913962764,0.251298176,0.807786607
0.914175815,0.312508232,0.81901912
0.902514008,0.713295702,0.891258149
0.90728307,0.518625738,0.855483218
0.90682652,0.474303006,0.858837825
0.901048036,0.417563425,0.846645718
0.910282451,0.48020112,0.87074577
0.917925611,0.308485208,0.818260392
0.915131197,0.194964803,0.875612
0.918210182,0.314303944,0.852453724
0.895413392,0.484716858,0.87593116
0.898720476,0.331178183,0.856893105
0.898825895,0.586387881,0.875791898
0.915930589,0.469811981,0.88007868
0.918808865,0.348293344,0.848032604
0.885567617,0.510792259,0.832091778
0.928033565,0.379479563,0.861367962
0.912877691,0.421839629,0.854166252
0.919623647,0.459704939,0.869878792
0.905603041,0.490338171,0.850936895
0.912459391,0.370257212,0.831051346
0.896132206,0.477101026,0.833532856
0.921940705,0.395515837,0.894209286
0.901049216,0.497470908,0.850098988
0.914388391,0.631791465,0.856636872
0.913943245,0.546325097,0.901562148
0.897757838,0.308806009,0.846340577
0.904381618,0.464227384,0.852951502
0.924441679,0.478750288,0.855558879
0.918518582,0.19725238,0.809578476
0.911297651,0.445278103,0.867413464
0.924663048,0.438522324,0.902804475
0.918018818,0.377897265,0.847993542
0.907231614,0.353821986,0.832031487
0.893228908,0.65130538,0.865174937
0.882850172,0.523879639,0.864628054
0.902667776,0.546105127,0.841314278
0.906920416,0.607999293,0.890833109
0.908875951,0.524436725,0.872444393
0.915815856,0.487367084,0.868733134
0.897453579,0.511860427,0.852028916
0.911279024,0.544529324,0.890540602
0.920910135,0.341626947,0.875639356
0.918311171,0.37575521,0.864699546
0.898775615,0.312157208,0.848637239
0.920568911,0.409347992,0.902852024
0.91182443,0.685958901,0.893352642
0.90494517,0.490095004,0.85582465
0.883559957,0.517799159,0.86793385
0.907384763,0.451265014,0.86757572
0.935819457,0.082013685,0.867512632
0.917000742,0.772866957,0.902114633
0.911973386,0.096431773,0.869952252
0.90513875,0.53001106,0.862031545
0.892946527,0.735095748,0.882431775
0.905594041,0.366469097,0.83701295
0.889082498,0.715372807,0.873968032
0.894238356,0.415173052,0.853419448
0.895810606,0.620419901,0.84815614
0.900307581,0.358702963,0.885293835
0.923922313,0.443729179,0.854142082
0.901513315,0.006991294,0.870247659
0.91771162,0.516920532,0.873621602
0.872852986,0.30456051,0.827021635
0.896065128,0.535161021,0.854465788
0.897808729,0.147041166,0.846662316
0.904542052,0.46193376,0.833334274
0.905515802,0.527479335,0.869550773
0.930842694,0.63490969,0.909007343
0.905765902,0.448094852,0.880838829
0.924388656,0.335671403,0.831745113
0.917154018,0.446961729,0.846514837
0.90660976,0.35982748,0.856916715
0.912160963,0.555895491,0.861594914
0.903370911,0.230570785,0.843326394
0.904519646,0.082984352,0.847534922
0.913080471,0.649691437,0.890972167
0.905984566,0.401629702,0.837843636
0.881834706,0.653876921,0.850278834
0.898942693,0.275261941,0.87420807
0.915102817,0.264322193,0.830811267
0.902554648,0.536950327,0.867384887
0.90096312,0.652134109,0.880500163
0.893991781,0.557907153,0.862873283
0.885141228,0.490333635,0.832584288
0.908885925,0.674839635,0.896323165
0.904725712,0.600752809,0.876877281
0.918877477,0.478405481,0.886203716
0.893386112,0.532595526,0.849879209
0.908242276,0.731789204,0.902302658
0.921221466,0.496782688,0.869142044
0.908446272,-0.276525116,0.875795016
0.889883883,0.587086684,0.872237406
0.90271635,0.53001361,0.88851745
0.894616758,0.759196197,0.882968022
0.920600039,0.202451342,0.875971455
0.895643277,0.372733872,0.859210926
0.920304201,0.27513357,0.840419168
0.931535705,0.557090814,0.904533609
0.913110668,0.141382744,0.819400202
0.904065145,0.455253171,0.845897739
0.928173148,0.278797434,0.852977172
0.896453066,0.376422489,0.841482218
0.918475359,0.614182689,0.904174027
0.886612262,0.576089708,0.85506479
0.913666493,0.578647438,0.891145843
0.91366024,0.485083624,0.861503234
0.906130701,0.489981999,0.838668626
0.878567401,0.533526755,0.848462445
0.913516018,0.356986221,0.849916994
0.89351528,0.407517505,0.844401148
0.919579196,0.37252772,0.843111361
0.880893401,0.232792353,0.835698622
0.896025391,0.665933711,0.866435745
0.935502115,0.472147857,0.891512232
0.920732736,0.261220147,0.873316379
0.910843029,0.693472572,0.89018767
0.91039861,0.489819162,0.852352122
0.910596731,0.345637941,0.847976639
0.906198097,0.480801502,0.862283124
0.884671911,0.466112423,0.857450462
0.901025825,0.43387742,0.843465505
0.87772816,0.153355737,0.792907643
0.887662294,0.477291818,0.87078227
0.881838703,0.522353815,0.838358635
0.874894222,0.734168809,0.861661161
0.912173505,0.667069307,0.893298477
0.923992504,0.529716281,0.873032794
0.924946859,0.461909234,0.861740673
0.897702195,0.359831973,0.867576905
0.909613658,0.444065776,0.888485458
0.905152373,0.110516331,0.866916485
0.907913478,0.601332803,0.88197129
0.912928531,0.39123198,0.853514657
0.905390083,0.560285153,0.831604637
0.89860585,0.458888188,0.853982872
0.899131606,0.676815217,0.875956872
0.889435528,0.258111499,0.832051509
0.918826729,0.111349408,0.845661049
0.90106148,0.33714417,0.870505833
0.918441631,0.536462354,0.836749475
0.923514435,0.229121014,0.83238007
0.924041112,0.104471889,0.824219751
0.888592471,0.564752357,0.848292944
0.906931307,0.697535741,0.897049617
0.910635469,0.45098959,0.837280553
0.880942311,0.643317813,0.863929088
0.91790299,0.461994627,0.876173413
0.887079803,0.675852085,0.868629558
0.89674538,0.58655064,0.85201485
0.907609569,0.63409796,0.881738463
0.909803964,0.152412937,0.819439843
0.897286449,0.652207404,0.872240903
0.911510492,0.388505578,0.885349494
0.911938814,0.232499558,0.873944997
0.914284248,0.09448223,0.838185503
0.919744286,0.397683948,0.846162675
0.908515634,0.739522552,0.899169238
0.902282075,0.572010322,0.862424175
0.8996441,0.235629197,0.837697165
0.903156746,0.591742429,0.862643662
0.902154912,0.367913367,0.827019543
0.900643232,0.31932559,0.869855806
0.896484647,0.718662773,0.879264724
0.918125143,0.505360566,0.886998364
0.906360335,0.464905001,0.839373414
0.870979564,0.387905167,0.817401256
0.906706745,0.387396926,0.817973511
0.91023717,0.326219275,0.846237403
0.905739487,0.404221285,0.871074552
0.904109219,0.602891607,0.891455223
0.902486483,0.462036095,0.853372627
0.900044898,0.321413601,0.830054446
0.918907715,0.402828706,0.891950498
0.897148998,0.580320238,0.866761871
0.905580316,0.597296506,0.889559218
0.894999458,0.69772313,0.879999183
0.911506446,0.227481723,0.87014576
0.893457338,0.476442732,0.855706846
0.89745398,0.581083889,0.850548815
0.890137464,0.330763608,0.837859305
0.905898678,0.585771069,0.868111588
0.897368649,0.337954331,0.813489318
0.895029948,0.479934039,0.856033112
0.899060296,0.332133622,0.844231607
0.897423156,0.506879431,0.843325506
0.89902835,0.425478411,0.840326388
0.8967618,0.301283142,0.874859352
0.915158932,0.49848748,0.868271239
0.910178619,0.578624518,0.897726368
0.914767956,0.704655704,0.897077129
0.89090377,0.394590318,0.846780498
0.916863081,0.454629233,0.8240984
0.894831954,0.230490467,0.86794281
0.895831146,0.331162376,0.8759728
0.918240331,0.568972016,0.883313526
0.903739439,0.495235238,0.875165614
0.899426076,0.773237856,0.887650653
0.911393447,0.477396642,0.881591513
0.897378146,0.471582878,0.859526397
0.925764291,0.172820811,0.873103251
0.902554625,0.473142567,0.844284203
0.904806465,0.114877315,0.848426561
0.910867622,0.586849158,0.873997118
0.880173375,0.603038187,0.854983389
0.903656804,0.33684778,0.834586691
0.901635261,0.474276355,0.864782336
0.908251726,0.270728942,0.826660961
0.904351921,0.286373762,0.853217155
0.898340025,0.403800758,0.834900782
0.919004429,0.175353778,0.820930164
0.892754924,0.722039072,0.885671196
0.905310872,-0.011443616,0.854112294
0.933720235,0.342500708,0.872799208
0.92429804,0.551856867,0.869474165
0.912383179,0.016986423,0.857618475
0.894010617,0.389527164,0.844669527
0.89321883,0.576958229,0.874239118
0.896852196,0.30814911,0.818107389
0.896396817,0.644727543,0.870274949
0.909317819,0.505851287,0.871319459
0.905512263,0.426350583,0.852321514
0.894653583,0.454768633,0.851475989
0.917395862,0.44972828,0.881100423
0.903492201,0.488626016,0.849611011
0.910622615,0.496596775,0.893824737
0.894696991,0.464666759,0.858876121
0.919017822,0.313933582,0.857859028
0.925109804,0.338636089,0.874331527
0.889790809,0.627947244,0.871690443
0.902201889,0.368968542,0.848544175
0.878695179,0.4633787,0.844702626
0.912774426,0.087586563,0.871155446
0.91539352,-0.059697698,0.818093678
0.929252165,0.560997465,0.903657335
0.903531483,0.4276085,0.873345743
0.905734438,0.419013312,0.856250227
0.901212597,0.46404576,0.854642713
0.909731714,0.462181232,0.848378274
0.909775489,0.521239888,0.850472558
0.905086277,0.604876909,0.855183588
0.893619506,0.551521667,0.848868306
0.917197957,0.50422787,0.899315325
0.885068724,0.66590797,0.86190348
0.912068297,0.42927414,0.86281545
0.900270231,0.447578488,0.863203222
0.918622533,0.591743439,0.88095959
0.919412057,0.349546343,0.834900063
0.891065335,0.574575459,0.854485145
0.881325103,0.130997807,0.83658146
0.907823072,0.331061088,0.826964003
0.912455498,0.549459595,0.858076833
0.886389146,0.377395312,0.833689135
0.875600892,0.42253459,0.846393331
0.890106576,0.287469335,0.83532968
0.897580226,0.411587404,0.860794381
0.917195364,0.461434693,0.856277673
0.90854156,0.513235384,0.866103594
0.928780207,0.251673425,0.889838503
0.928832178,0.510279147,0.880614714
0.912173317,0.425655099,0.848395232
0.890069278,0.693695081,0.871905453
0.926739182,0.41256081,0.862676503
0.888285454,0.562421882,0.860230949
0.923952868,0.526096275,0.885144111
0.893677519,0.456914807,0.844058231
0.86494676,0.573512789,0.830532684
0.908690845,0.307621866,0.845114479
0.913846363,0.322617639,0.812555991
0.90361711,-0.560069165,0.856700295
0.898924303,0.555519344,0.870223157
0.907727054,0.133006218,0.861196729
0.911213625,0.712175449,0.890676079
0.849010133,0.726262102,0.837759548
0.902179292,0.742209764,0.891641946
0.897250128,0.440947219,0.877358756
0.899706104,0.604393572,0.86630835
0.896276079,0.67830657,0.877228036
0.892771928,0.558491427,0.868988957
0.895813657,0.591375608,0.871610865
0.910641946,0.693213034,0.898133736
0.882277801,0.678874326,0.864362206
0.900154138,0.587968198,0.87414612
0.921168002,0.527539724,0.86924771
0.928346123,0.339539705,0.840918935
0.904944554,0.481458162,0.866787992
0.887123705,0.525167473,0.857495931
0.900730192,0.110931532,0.859176596
0.931875036,0.27298754,0.844550856
0.921460415,0.308406127,0.842720743
0.909000482,0.618640372,0.857438615
0.903589913,0.43220762,0.833296819
0.89251943,0.537713293,0.860051599
0.926634426,0.232590255,0.8773725
0.919163686,0.309358803,0.850992187
0.897929358,0.640087317,0.889469405
0.917401844,0.442228436,0.861961717
0.901189638,0.544565954,0.862763428
0.906702897,0.468183953,0.872579986
0.916262556,0.662085153,0.889611546
0.909269002,0.348800171,0.880641548
0.900465031,0.610914724,0.86241231
0.895791735,0.510075741,0.847018238
0.897912783,0.231390531,0.823596017
0.920891451,0.622798995,0.860469831
0.894141823,0.661624046,0.875768848
0.914520487,0.131644976,0.883695448
0.912204313,0.266401146,0.849088689
0.898320097,0.557756181,0.823715415
0.876327844,0.732867089,0.860905922
0.909596103,0.530365022,0.882348559
0.916021238,0.738119682,0.907404316
0.919465683,0.420857637,0.848025337
0.893018157,0.713747046,0.882817639
0.891760644,0.56180717,0.851871453
0.915600064,0.533811568,0.871542671
0.902761169,0.182773027,0.881807754
0.903367373,0.410052046,0.85575498
0.912072586,0.590588224,0.885643151
0.904309781,0.385250334,0.88492868
0.919965574,0.494356307,0.863137855
0.886402222,0.455351905,0.84930229
0.905138755,0.495991367,0.869626913
0.907290083,0.344192772,0.852638024
0.906447754,0.622939819,0.86347082
0.887945748,0.466348203,0.846027397
0.921238241,0.250633231,0.872106728
0.905674523,0.480336073,0.873551034
0.906089481,0.233593395,0.810661821
0.894342059,0.558290727,0.863441769
0.915732721,-0.250415544,0.885898089
0.909397384,0.408043766,0.851151376
0.89709447,0.518125803,0.86956583
0.920480557,0.190997474,0.837980584
0.90385311,0.391956434,0.874672006
0.914952939,0.087626731,0.836184786
0.911288065,0.539288281,0.883956949
0.898282355,0.401534183,0.820391254
0.894598051,0.621852808,0.856276008
0.918314335,0.306047613,0.896970064
0.908272979,0.137063338,0.878520996
0.913580228,0.093723337,0.83878564
0.902112391,0.276669651,0.862162853
0.928374817,0.383438751,0.841860903
0.928541825,0.340207684,0.906413418
0.908590906,0.560220822,0.885911128
0.889876736,0.573177024,0.855303213
0.889502511,-0.055295759,0.83283839
0.903192944,0.569234113,0.862474048
0.904297381,0.384242018,0.828269349
0.920311657,0.484078404,0.841159265
0.902210258,0.348838164,0.820061284
0.900517728,0.599521046,0.869667651
0.90847193,0.15588596,0.87098787
0.894917368,0.475408603,0.854522875
0.896172843,0.109799819,0.8574527
0.912206717,0.178184392,0.829154207
0.905700213,0.448492135,0.865584002
0.891166528,0.276120603,0.841643262
0.897812888,0.466810136,0.836205836
0.879841597,0.609129135,0.847416769
0.888208573,0.417720741,0.855388534
0.887773246,0.06889128,0.825527295
0.892021846,0.587294027,0.874095477
0.887014899,0.541320855,0.848558317
0.886162813,0.418863802,0.798121577
0.90018958,0.235280821,0.829318905
0.904572627,0.773761087,0.891500322
0.892674027,-0.047745054,0.859716688
0.916172088,0.032655351,0.866557284
0.894673919,0.60565869,0.867744025
0.883453495,0.44594267,0.827214398
0.916354259,0.441599122,0.849035292
0.916565321,0.38598989,0.857006598
0.922635277,0.38096223,0.866780509
0.906377279,0.415147936,0.838460848
0.909349565,0.266011466,0.826875685
0.902006102,0.546787713,0.867835464
0.889781701,0.647257847,0.87433854
0.899946814,0.466507381,0.873979735
0.910333571,0.567194701,0.871424319
0.922249632,0.375557221,0.86947695
0.90653105,0.524900499,0.873787834
0.903954725,0.523334798,0.835124467
0.910442968,0.590783224,0.874395996
0.870541938,0.499044857,0.785844658
0.900451931,0.545170622,0.85856228
0.906281635,0.449524347,0.865109629
0.886283066,0.508931267,0.840969943
0.919905937,0.057228866,0.874227952
0.907636934,0.460715717,0.84918226
0.899212058,0.443723033,0.821867611
0.896046101,0.300486929,0.851835432
0.869799135,0.561300936,0.849077286
0.906922637,0.378315451,0.836498086
0.913320353,0.451527452,0.838003278
0.904788232,0.552202187,0.850984069
0.905484968,0.618745258,0.877498306
0.905586093,0.426446314,0.870244312
0.919188249,0.611711757,0.904719158
0.911941616,0.403227058,0.841366633
0.917814213,0.447223832,0.870815406
0.918656177,0.610603153,0.881826022
0.89265824,0.569059791,0.850877489
0.891239983,0.66466037,0.864179679
0.91301611,0.353039278,0.848236974
0.899643968,0.508546236,0.861182195
0.910781059,0.434640761,0.830515704
0.901320656,0.655736412,0.879307745
0.90060996,0.462925583,0.851295586
0.913193904,0.374980534,0.828213195
0.90803302,0.510191326,0.846560878
0.917207163,0.306809703,0.852743331
0.901374471,0.272079396,0.810987499
0.901869045,0.294697065,0.835905824
0.892190014,0.593832569,0.852143297
0.89479434,0.438022336,0.837417557
0.89722378,0.352061248,0.852099509
0.9111648,0.602005981,0.875695283
0.90450701,0.374488811,0.856809616
0.911503754,0.517587454,0.867975689
0.881522432,0.7541615,0.869402472
0.918277309,0.299412831,0.882640369
0.895827308,0.466413244,0.835521659
0.897292768,0.677526007,0.874101307
0.89890222,0.294650954,0.835601959
0.8918265,0.280602269,0.842030253
0.913534404,0.376025647,0.887172467
0.907201182,0.413844106,0.869238403
0.912745281,0.516224724,0.891480859
0.922882616,0.232268959,0.866007381
0.892273055,0.415671905,0.845332088
0.914976677,0.569944668,0.879091006
0.872998018,0.232181307,0.850033695
0.909124184,0.142249173,0.867287372
0.914762703,0.536572834,0.898435686
0.909069751,0.262563443,0.834724561
0.899769293,0.503590168,0.879293433
0.89713721,0.324651789,0.873774105
0.912679333,0.50294232,0.866655593
0.910690473,0.484186595,0.867562563
0.89362079,0.173112085,0.860253067
0.925261505,0.361549821,0.842003519
0.889337274,0.361024437,0.837523567
0.918263818,0.367151241,0.863872697
0.916669489,0.471381784,0.841178788
0.910926809,0.513696925,0.892296939
0.88722501,0.743923455,0.867376878
0.900627513,0.467529523,0.846929001
0.907860895,0.731237993,0.891382616
0.911884914,0.682175644,0.888368888
0.909018005,0.447975895,0.874295623
0.892332745,0.387810017,0.855297157
0.906853689,0.522848712,0.870192538
0.908410079,0.421715919,0.858866688
0.901117174,0.500945685,0.835681545
0.877833722,0.074774727,0.846150616
0.916780344,0.286481768,0.817647606
0.905630321,0.624577286,0.864141629
0.902258642,0.527227495,0.852719591
0.914157827,0.334271643,0.840873823
0.902461607,0.440724114,0.845637766
0.90740816,0.717796904,0.890009057
0.894166395,0.673785613,0.873724904
0.896814251,0.345062734,0.858747756
0.898600656,0.583342793,0.876168145
0.911018538,0.72073809,0.892112072
0.901134582,0.121174508,0.841932282
0.904022648,0.660657993,0.889677486
0.895308889,0.329304538,0.840348093
0.918749879,0.377111454,0.870006309
0.916369303,0.606975222,0.886208297
0.901859649,0.68899631,0.883799014
0.919013629,0.363368539,0.897172143
0.885963376,0.568844958,0.846413163
0.890085672,0.550052628,0.860975489
0.903013384,0.346314961,0.877458982
0.896434226,0.609045767,0.87671738
0.897987378,0.342243793,0.834590159
0.880403159,0.626735347,0.84412209
0.901442989,0.307645404,0.843247537
0.905397012,0.433730309,0.838670995
0.916139158,0.332528592,0.86472731
0.906116969,0.179854082,0.873797997
0.926991195,0.378709114,0.864648705
0.912264605,0.310235096,0.828777728
0.912354575,0.321875855,0.853391003
0.921253613,0.217222336,0.787313834
0.892660781,0.692271698,0.865178587
0.885042558,0.680137552,0.870191009
0.895124033,0.498791674,0.850670652
0.890200959,0.659234061,0.86526658
0.900142605,0.528097187,0.861630264
0.920308,0.742434052,0.910491468
0.913519299,0.369761461,0.856822053
0.892533444,0.496361758,0.853094826
0.918218564,0.538915242,0.85215512
0.904263603,0.423606318,0.876401946
0.890532671,0.664869831,0.860369286
0.898134209,0.257660343,0.86835546
0.904445255,0.602492976,0.877103302
0.916031351,0.205859993,0.849438354
0.890374482,0.595374625,0.845852287
0.923564206,0.019621546,0.857946358
0.900062309,0.680275987,0.879657046
0.901223945,0.608024054,0.877849505
0.909517711,0.10251467,0.839372228
0.913559801,0.417948223,0.849572272
0.92165452,0.082545296,0.818159543
0.906338844,-0.112035798,0.862385444
0.906415621,0.606446448,0.880694442
0.910120684,0.413462214,0.853765586
0.870036822,0.647688524,0.842998007
0.921193926,0.359812672,0.882826304
0.891574357,0.586578543,0.848652949
0.894917686,0.651925316,0.856758755
0.907160835,0.490672271,0.868658593
0.913417813,0.60288502,0.888497277
0.919125335,0.409433762,0.866367285
0.920544846,0.506454341,0.862178815
0.922144095,0.606961615,0.884598291
0.897987913,0.422489682,0.874149804
0.909739359,0.622668676,0.870684246
0.907349749,0.574748272,0.876677839
0.877901055,0.622121413,0.857793259
0.923566768,0.382596359,0.848416684
0.899554402,0.690226763,0.888548607
0.8680516,0.51118488,0.808346355
0.882997462,0.44230816,0.839908788
0.909152909,0.469429587,0.866723184
0.899980348,0.357677219,0.884993294
0.912630789,0.66648928,0.884487569
0.904921298,0.39289655,0.878731439
0.897745673,0.394875467,0.863435538
0.865885876,0.691425077,0.835809944
0.912855445,0.279731476,0.86493286
0.903598385,0.59886584,0.849380708
0.891424308,0.39786882,0.841271708
0.901653391,0.421332433,0.831226049
0.921156252,0.02991107,0.860997917
0.910915524,0.015119995,0.87235078
0.911918431,0.312311651,0.809019045
0.92096652,0.611218281,0.886165336
0.886929086,0.335001349,0.817568517
0.897831178,0.646150729,0.870720267
0.898238563,0.630184361,0.875574708
0.927141989,0.43855629,0.870619911
0.910886293,0.227849904,0.879411708
0.888340406,0.608392133,0.860809883
0.912284241,0.123877101,0.841152299
0.912248486,0.536479977,0.862685954
0.922535267,0.316184838,0.827275422
0.891396603,0.635095958,0.870507352
0.898945947,0.379221481,0.808199585
0.912486525,0.297070731,0.8300663
0.905948244,0.660259324,0.87518972
0.89525312,0.712872453,0.881109159
0.926051001,0.557527344,0.880131119
0.917055609,0.271862582,0.833413954
0.913816237,0.208159636,0.866478099
0.911638225,0.326142152,0.881433047
0.906381777,0.577030457,0.887522162
0.911392232,0.140281481,0.872496927
0.915168268,0.189286954,0.863165027
0.922818985,0.544283405,0.881814183
0.909456614,0.548086969,0.891916635
0.915738201,0.319296782,0.881874944
0.900269678,0.410343946,0.831505917
0.89740789,0.386743275,0.841620785
0.89430704,0.636677123,0.877607187
0.9126967,0.362925269,0.810301822
0.914618767,0.641736712,0.897781861
0.925427465,0.438468255,0.864911575
0.908318766,0.211091373,0.834919423
0.923985596,0.602200633,0.888120331
0.861672383,0.612717584,0.835082672
0.88794605,0.701520038,0.871826117
0.919762405,0.194062271,0.828853384
0.896704698,0.456071663,0.870585157
0.900177726,0.664632298,0.853837609
0.908348552,0.222611981,0.841136279
0.908178326,0.237284575,0.858144418
0.903883835,0.22293622,0.849626285
0.918405759,0.331389918,0.843483489
0.897782322,0.733934831,0.87969094
0.913581143,0.365612652,0.849264806
0.906618751,0.733800017,0.890409117
0.914912857,0.413994375,0.87694276
0.891131442,0.626161626,0.852392662
0.907860678,0.42080768,0.841850552
0.925364328,0.391422078,0.863000135
0.907047935,0.500884271,0.871899722
0.914923986,0.049769593,0.832778354
0.889088504,0.522570227,0.859803591
0.913515591,0.443049054,0.854798925
0.914563017,0.701811982,0.887076462
0.914369307,0.478498338,0.880563519
0.891648488,0.684888911,0.873091578
0.867608582,0.599810933,0.83188451
0.885152817,0.402527754,0.851003855
