训练集mae,测试集mae,整体mae,训练集mse,测试集mse,整体mse,训练集r2,测试集r2,整体r2
1.691229859699008,3.762747179187394,1.903089585555775,24.328014994122494,42.12128158423857,26.14778089538437,0.7410778722843039,0.5534519420794185,0.7226555993834834
2.625879868149717,4.597489806127224,2.827521793624689,35.12374341627451,63.82483004079323,38.05908182105483,0.6045396134783834,0.5414971334971124,0.5963147588735274
0.8423526374662276,3.722690524017425,1.1369326485907818,9.587312197347279,56.1005580900183,14.344348709097723,0.8969776988597423,0.4652440441232666,0.8478522972608635
3.522853336654715,4.4387908800546825,3.616528767229711,49.64623828301195,46.76774053565569,49.351846467941414,0.47608567008396474,0.48043336361869127,0.4765346117618079
0.27158193594987706,4.596465913891583,0.713899615512097,3.492998318447337,74.1398688956648,10.718246445662759,0.9610567045538352,0.448674974434771,0.8863136551424453
1.4765265698104832,3.741462390243946,1.7081677332639054,22.20826527777738,29.18808321289776,22.922110293869235,0.7710064389733953,0.5858652696718194,0.7568696569030434
0.32265876242357844,4.416644643544391,0.7413618639018433,5.069512131919329,37.41236319862539,8.377303718286996,0.9458254762476416,0.6271944046489328,0.9111435770466874
0.23551882907190144,5.851426301104841,0.8098730023479974,2.8634923710856404,91.90916950062116,11.970436622969954,0.9679795449580475,0.3251393140302786,0.8730319187085724
2.5967624724329608,2.864037746936086,2.624097443688962,38.632579341334576,18.29966917044358,36.55307716476618,0.6069385501259987,0.6558018830120831,0.612288655870568
2.025450457508258,4.1411377134085,2.2418275632253284,25.22185443700757,77.88525707086656,30.607884251834058,0.7180120801543867,0.42965500596706263,0.6753481549379547
2.659335859953943,4.1379496085637415,2.810557720607218,35.303240902290284,53.66829745278629,37.18148532222738,0.6349201856211489,0.23516684339193528,0.6056232533849457
2.3189883908491393,3.7079204906912815,2.461038264696631,29.64825698468008,61.32571175422168,32.88799667701956,0.6882902442747483,0.294166834960481,0.6511634481580011
3.0575695643446767,3.678798872979232,3.1211043800004834,40.98910903667863,42.53665017517223,41.147380289479116,0.565008862050469,0.5487376923362786,0.5635577807163012
2.856342686809592,2.4963772471683545,2.819528039573557,39.45588263199273,14.813022134598368,36.93559008112285,0.5976025171862576,0.752806582142535,0.6082314161399972
0.3395180080766701,3.6966354399094405,0.6828595636050216,4.7546899726178165,33.362232559675256,7.6804613735668745,0.9488634356988869,0.6800389418403192,0.9185348475791218
3.1520963401805835,3.519322039616344,3.1896535139865136,42.31481863336886,39.4001836862311,42.01673096832068,0.562875010755023,0.4414572488880124,0.554336748005589
1.259914852011203,3.8429808251654816,1.5240920538110723,18.130976027081527,40.828979868222454,20.45236278356185,0.8010854912129952,0.6635407333485582,0.7830657859612171
2.393066554924121,3.517438531595237,2.508059143447303,33.00941967726098,34.776345688030034,33.19012801927146,0.6633765530845891,0.42393365284364637,0.6479588000710536
1.0864234293517232,6.658472359199703,1.6562920699043575,12.392962210209923,127.42592882105004,24.157697431773116,0.844337596131689,0.40223748655616387,0.7437640256625767
3.2449039949856666,4.036784029890878,3.325891725828245,43.53008477835566,47.03842082550553,43.888891874086895,0.5474870932888278,0.38229357792297347,0.53447910324618
2.470713484588806,3.9131050106418734,2.618230799753324,33.34025970177892,42.27771515422888,34.25431764577948,0.6568648415353976,0.37145232708768805,0.6366711487293566
2.7536220690720605,3.1549285282823427,2.794664775127657,38.52324531520746,27.31828260615525,37.37728321996349,0.6090252909914224,0.5023526831530358,0.6035464633580268
0.8756763387241481,3.7231184312206307,1.1668920072749247,13.222343812205088,27.59549833943847,14.692325525217592,0.8609560685643503,0.6719889154061041,0.8441613751944237
3.465252977323441,3.8392308499988905,3.5035007143016115,49.13730701424894,33.04234552743597,47.49123140764307,0.501694983097607,0.389014118807794,0.49626979199530896
2.0550448080507095,4.282333756458613,2.2828357232287906,27.399548728541117,70.24280137118487,31.781245021538776,0.697627411924032,0.4434967024854667,0.6629025466210312
0.23251958105340198,4.659294896911082,0.6852579656297557,1.420948336920274,80.5382162087445,9.512487096538662,0.9839234935240724,0.4377985634063727,0.8991029088580298
1.0548221717043544,4.302062382098239,1.3869262841310015,14.811149131745147,37.56932239753556,17.138689579382802,0.8439173435247178,0.5750016852716904,0.8182132698845765
0.8628255941421077,3.732187435847564,1.1562830552256202,11.594989625354376,33.601998852718026,13.845706478152932,0.8679040690167753,0.7734477860466558,0.8531412979304339
0.7652399421328536,4.348406415634522,1.1317001496500696,9.904486717646819,46.86095382977871,13.6841253995694,0.8939074810374645,0.5296575149382454,0.8548551568452694
0.9183457900023216,3.2921514011796376,1.161121363872729,13.555210811692845,20.62798169924202,14.278562379737648,0.8496825905632787,0.8412231189018258,0.8485500799965431
3.5066733284456832,2.723594759823917,3.426585747563912,48.68764254362676,13.865514810522246,45.12628857092289,0.5057675247560248,0.7293185239618079,0.521354278367851
3.3161178358377237,2.9778979117223727,3.2815271617804727,46.88764983864165,20.483162745795653,44.18719093141877,0.5296845402044879,0.473564185868769,0.5313151034562481
2.5030429133602192,4.280408424125911,2.684818931506711,33.00309876253934,62.65739462236512,36.03592447547606,0.6422121043720006,0.43922382728841436,0.6177739933534023
1.9714486991671278,4.7902958863607665,2.2597398887664775,25.449997699565817,79.81464267277255,31.010018208189226,0.7228183354786868,0.3043093460489026,0.6710827986716201
0.1451369542373066,7.521495000142489,0.8995372089321546,1.0013572681220444,149.27492279300006,16.16569919680275,0.9878491678899304,0.17098909939075746,0.8285335886734623
1.138602914231028,3.06834854345878,1.3359632626747755,18.307147151290213,17.41701708632516,18.216111121918786,0.817637816775292,0.4336072479099198,0.8067852701961322
3.3444211890417748,3.859001179300896,3.3970486880455484,46.393452663409356,32.074949397766304,44.92906028396859,0.5278336994128887,0.43054629393852173,0.5234462402535963
2.7824725184067867,2.2597031282182645,2.7290074671375053,38.4219825766174,9.622651820916026,35.47659647660249,0.6222447484091064,0.6278557149227992,0.6237066761006027
3.2404181957854123,1.9342636386848413,3.1068342069910355,46.46226205785773,7.465727913745259,42.47398015675531,0.5430689121017118,0.675515540052037,0.5494867952464554
1.946492231324852,2.8128948350556677,2.0351015885245944,28.74550484569725,15.179857960919325,27.35810914157224,0.7107477384263401,0.6647068028530769,0.7098178842698668
3.5153578314364724,3.7027945370347215,3.534527494509021,49.917673533148125,27.31910966184903,47.60645677358345,0.4983210262189348,0.4174356741620644,0.4950476190629133
1.7051674758771957,3.612864259607439,1.900272828758698,25.46948273217556,32.17626249277164,26.155403389509253,0.729702772657047,0.6551248026550311,0.722574749078338
1.486386239815734,4.059053747563788,1.749499962199058,24.13999940590371,60.13535491670067,27.821342583144315,0.7459488374889093,0.2734064621691952,0.7049044577074997
2.8091768535134882,3.2527627618436616,2.8545435941381654,39.640217869069176,36.88783227141731,39.358723887491145,0.5924988756034508,0.45694934796157616,0.5825297095275075
3.582971375369179,3.6259386744174673,3.58736575822639,49.370626601433464,39.13207118173063,48.323501615327494,0.48685414206315447,0.4811666333029071,0.48744206459370887
0.9124753422678883,4.317481028044277,1.2607145601313825,13.356180766980595,40.60640492213174,16.143135510121052,0.848811796676801,0.7181971230911277,0.8287729172873691
3.6455984084098065,2.4468092427063524,3.522994971008316,50.358385236351644,20.110102975194366,47.26481091418783,0.4867321193133449,0.6489044089573133,0.49867138990894777
2.1442331394423007,2.889658621996293,2.2204698365216866,31.29434682223805,19.492754361026766,30.087365775068715,0.6757314921311806,0.7391140497619721,0.6808691926705981
0.19794149287354634,3.337602364763047,0.5190431729531544,2.384415710122715,20.358594680621906,4.222684013923769,0.9757789011344381,0.647302427208315,0.9552108161101593
2.2697264978675173,4.879784660616631,2.5366642645123134,30.77856533700231,62.33365501996947,34.005790418214865,0.658934278356722,0.5065834202529569,0.6393072284502924
3.422326938388669,3.0292616676562005,3.3821270811546666,47.571057265458165,23.514181582081335,45.11069497965826,0.5255900015660058,0.31086117926300383,0.521519676542176
1.1664519391882902,3.524302842375061,1.4075957815596645,16.883153460168895,24.99991627103622,17.71327692946214,0.8302629547519096,0.48392030309909795,0.8121187341820185
1.248935114599684,4.176550644450309,1.5483503392434983,17.52824950794157,51.062374705352894,20.95787594858591,0.8111030094377649,0.5239752549870396,0.777703906636991
0.01994105928359751,6.7571847494131765,0.7089773457741227,0.045356356963158116,106.49220596236249,10.931965975697182,0.9994469304175858,0.38211125630104126,0.8840467738650402
2.964215911551924,3.9823548531842956,3.0683437578552346,40.78904603477082,51.16078611744289,41.849792179589556,0.5835647263416305,0.1492559225047554,0.5561074351046404
2.338487068270915,2.485155163559865,2.3534872143800114,31.3212885751232,34.88950034380405,31.686219324192834,0.6785887780164708,0.4008619451392105,0.6639104656172559
0.5986102295942103,4.419926919767397,0.9894267092710133,8.321186917218617,52.67121159301804,12.856984895425372,0.906138895339397,0.6332849828125366,0.8636284744841656
2.566241329629148,4.116970220404834,2.7248386025493887,34.6580987358951,49.61597640623014,36.18788167945209,0.6187711836240478,0.5993474545971313,0.6161622129952636
1.2449554001910645,7.419310536149082,1.8764235390958623,15.47416111405895,140.76112218775995,28.287600314778373,0.7900181325267842,0.4154750948868675,0.6999589530916304
2.649053967236203,3.601462912587261,2.7464594275561978,35.56412436059023,45.947179509618906,36.626027728104525,0.6258788373919943,0.4652843731187748,0.611514883505538
3.64651421861638,3.878032310685157,3.6701922053052325,48.67809536064747,49.28327197753774,48.73998842373852,0.4936756864595663,0.36386877294487774,0.48302447043129826
2.781614352998479,3.4927891854222866,2.854348142678187,39.304412841118314,27.229368305283973,38.06946510449889,0.5824375284885395,0.7119684320943322,0.5962046254157496
0.22091847840319137,5.348844392135762,0.7453654468531133,2.7666129618251043,90.46059725066712,11.735315900456671,0.9695706665365158,0.21812484090408768,0.8755257982511182
0.34217634921034684,4.453202941629117,0.7626222507077209,4.522654841076343,49.609795561321576,9.133839687465061,0.9519089719542161,0.48504941211526476,0.9031191479084746
2.587843407540098,2.480012539683826,2.576815250600252,39.11293987661254,11.905204630484613,36.330330590076734,0.6126363687387032,0.6116629283077526,0.6146512852460319
2.1175359521136152,4.372432465389048,2.3481503682440574,30.17210010917339,46.54337903381985,31.846435453739502,0.6890749327781059,0.33516307398749123,0.6622110844500355
2.6703600946721266,4.9326026667482035,2.9017258122708163,36.18720753802666,69.18342749539428,39.561820942757436,0.5984877584826267,0.4572336366856711,0.5803754987634975
2.8376787813022406,4.405698350532219,2.998044419064398,38.78639614464891,52.79695987657036,40.21929470814088,0.5766270003315146,0.5341535830851806,0.5734018030563585
0.949831802349104,6.374431082073818,1.5046203650482226,11.650234489077505,90.53566223444028,19.718062326671422,0.8643355184549573,0.42038938070654674,0.7908543673671695
0.7310177290616036,4.136913845615535,1.0793480137091647,9.979267491961009,61.66595795692979,15.265406289514635,0.8946264038707918,0.2925089825309032,0.8380828195527527
0.5918536068310046,3.465037422881803,0.8857019516543818,7.373035818141995,27.726751268908515,9.454665807424936,0.9232017152191726,0.6488716050345054,0.8997162079688141
2.5382978746906835,2.446052403731292,2.5288636787971095,36.709885307990405,13.97386942418582,34.38461095623766,0.6363676848358393,0.5951166410366193,0.6352891530549266
1.4087189895109575,4.788647370782128,1.754393483050054,18.867790707154107,77.16111890323151,24.829608363571115,0.7859482608075936,0.45888229224471877,0.7366371977534406
2.3485201244497422,3.9219191765986565,2.509435936601336,31.9190185719571,54.64038691264276,34.242794879527224,0.6701311903743776,0.21545824403743097,0.6367933684585361
1.9909947910422674,4.163526969766477,2.213185582048153,28.223404489246548,45.62241281326149,30.00284852238444,0.7057046007393382,0.42926754922982013,0.6817656506484762
1.9363383390768194,4.147302201942037,2.1624596432334897,27.69549107761761,38.54453265078752,28.805052147600897,0.7103958797240562,0.5319196289935512,0.6944704426518242
2.828675808054752,2.6628644358778284,2.8117178268093848,40.044344069215796,11.592489165162885,37.13449527221039,0.5957609130158271,0.733025041592221,0.6061216676599102
3.5902796730124873,2.404707366943338,3.4690279598917795,49.34570084640772,15.03894182497588,45.837055037397654,0.5042343536840196,0.6668357996115952,0.5138153173978377
2.289958411385022,4.210838544939479,2.4864120614076373,31.541976888861242,56.14794394450726,34.05849624682504,0.6470911390663343,0.5847666641736975,0.6387481880291045
2.5632712931213053,4.263417449154513,2.737149877261065,35.644790244054484,44.220714914507155,36.521873448987144,0.6279657919957168,0.45289573860405963,0.6126196275841667
1.7138038843444419,4.0126713323456515,1.9489153278900198,24.6620298783305,49.80050102020991,27.23300988147726,0.7338258469270762,0.5344423126549442,0.7111447876674218
0.03275533979176927,4.320557361840005,0.47128054659215696,0.06459768039321749,51.91972150425042,5.367962616924068,0.9993182503226418,0.423402075383704,0.943063069845997
3.0294496942260767,3.4602439444640556,3.0735081970913245,43.601338285859605,22.53553934895981,41.446881576403946,0.5599737313931823,0.5230908880489569,0.5603810291120875
2.077113911687447,3.07924156918973,2.179604240295635,30.665098998132127,19.559557972596096,29.529305029611393,0.6825720424056766,0.7341895305518662,0.6867884339085337
2.240239208308402,3.517495412757258,2.3708676837633984,30.477658012974032,41.29586897196237,31.584065951961474,0.6904203445521501,0.2657251728004004,0.6649939864676797
2.222502886548493,4.477477654026371,2.4531253059496394,30.544167209491288,61.275051837430816,33.687098591894184,0.6531627817427061,0.5839215709008805,0.6426875303545314
2.8235558591223358,4.164782489622303,2.960726764514378,36.87484844661704,62.973712756622895,39.54405047832218,0.5912680918580735,0.5098860559397989,0.5805639866060106
3.396303699564272,3.281447223290325,3.3845570144907997,46.025782837430604,37.545857085055,45.15851770366492,0.5199919814514093,0.49968599497764143,0.5210124302569734
1.2170021187607896,4.6666216904872915,1.5698041204146358,17.41834835226428,42.193874882641744,19.952209020143798,0.8150926811727621,0.5401336350481363,0.7883708191602585
3.3339305840357465,3.4143706101935805,3.342157404892797,47.216195298092615,25.250356278410873,44.96968903471607,0.5272664704218548,0.40018893274638534,0.5230152990364834
1.515410793762463,4.940412617545599,1.865695071194829,20.506936686132082,72.53979639339244,25.828479156192795,0.7767530277210342,0.3609011769802647,0.7260423705143189
3.5519468724285175,4.228638209243185,3.6211539409663813,48.351286160214244,47.45328704611234,48.25944534172655,0.4801668016535017,0.5493720266237361,0.4881214969661408
3.6955711416354373,2.319475785916775,3.5548341166187556,51.57762181056677,12.23615154175569,47.554062351256555,0.4822020219079749,0.6774675088310647,0.4956033564585278
0.6049673270110908,3.156413739647244,0.8659107101216065,8.296173519760462,23.120855632737502,9.812334190405842,0.9143565220530653,0.6726568120363189,0.8959224893471766
4.585976160477626,3.9970300207190275,4.52574303254777,66.74988905811233,46.68363044723247,64.6976580638178,0.3210346091457641,0.1747433299701212,0.3137645879475266
3.1844792782914295,3.75062273614288,3.242380313753509,42.29243918347223,51.3689207533109,43.22071570766029,0.5561120644273665,0.3990079683234631,0.5415663172290898
2.570717569526756,4.174214776401294,2.734711602048016,36.37820324812695,65.74076270006775,39.381192282984536,0.6143755380703837,0.2912672015150125,0.5822913916486074
0.9584194435036295,4.123546040827736,1.2821255727754133,11.49678063789313,68.45525626175626,17.322079281242768,0.8680005491264575,0.5595993043066041,0.8162680911657748
3.3314986843161347,2.705673325734752,3.2674938180975843,45.956008427332854,16.97509859951203,42.99205174039664,0.536143775869941,0.6657696752904532,0.5439917112308624
2.688095885131703,2.2470317298915186,2.642987051073048,38.44614039647433,9.854892036290613,35.52203545054644,0.6201309516921529,0.4301914774843544,0.6232247137863424
3.3933351987152864,2.836534454242484,3.3363896680305682,46.9705810361862,19.90771566510472,44.20278798687105,0.5279094334595825,0.5548654222354632,0.5311496685379619
2.2122952209686817,3.3890553753375565,2.3326456913018623,31.012789904648713,31.337538104357357,31.046002788709824,0.6814184628454394,0.5062140428486946,0.6707011172602663
2.910853665883402,2.397839637055079,2.858386322025959,41.58836208136075,9.285355802376953,38.28464553010104,0.5825813228161894,0.7631691330149117,0.5939222487046318
0.03869890043348006,4.1937836838668625,0.46365075328462135,0.0025867023776486803,38.331554347265474,3.922594756968449,0.9999739277106046,0.23375369522492628,0.9583938041975507
2.9261312952298706,4.605748726955191,3.097910350747233,36.196759886246454,75.98093097297631,40.265595565571104,0.603917407052405,0.3650591446161131,0.5729106989124393
0.03987185185887176,4.589924303975999,0.5052181253708506,0.1348716899421279,46.237367329583996,4.849899653087319,0.9985806399122918,0.46544364193829424,0.9485580624330078
3.1557318535396672,2.719844404880294,3.1111524553813226,43.20511992320876,21.956947650515275,41.03201139531966,0.5472896983398969,0.7319002794277196,0.56478147602446
1.9588856307579505,3.49767088763902,2.116261395666242,27.894763286118966,34.70863393117595,28.591636420272515,0.7074477588548064,0.5837799758607797,0.6967341015533135
2.981589882607351,2.354311445622141,2.9174364060974995,41.79877076468824,9.34298157275736,38.479428688240766,0.5769858165023338,0.8281935491927066,0.5918562218222515
1.853130495283082,3.1517508978987103,1.9859439455505898,26.471951098730763,25.656037701605687,26.38850541038842,0.7125961148383213,0.7735404296937629,0.7201022815094116
0.964552136525082,5.059723175618684,1.3833764473414734,13.609610829225973,58.142458837916934,18.164106648296638,0.8437870933984033,0.6154442858845979,0.8073368714820623
0.5390940612505808,3.5525120707410256,0.8472845394939218,7.156591944437008,41.805481314601685,10.70022835729476,0.9256392420422425,0.4338337055379258,0.8865047694836077
2.3421365373682903,2.589660041248045,2.367451441174174,35.97842995812683,20.888372821741488,34.43512866008742,0.6392280832610251,0.5377788621772535,0.63475332164534
2.3373629986373508,4.056835768960717,2.513218168329513,32.744335680668975,47.50795495531938,34.25425128830367,0.6515887280051733,0.5085578695453516,0.6366718525701311
3.0864115874344793,2.4398320078404923,3.020284130430549,45.33120096546798,10.19862581342371,41.73809668855437,0.5473810945149924,0.6690840966273963,0.557292167343933
2.1384853481885795,4.3934808219875485,2.369109885281656,29.019267461401984,70.22604005977173,33.233596477144346,0.6850775203805093,0.3430439055446217,0.6474977386355645
3.600507556639214,3.481208055979271,3.5883064713444472,50.09384278125468,46.0000053188098,49.675154858959175,0.4809966640502815,0.38026691761081255,0.4731053428582682
2.601408336555332,3.7859485723815762,2.7225544970375624,37.14621931421955,34.02133761169541,36.826629140097765,0.6110838089695001,0.5885800745771634,0.6093871435418796
3.2126959245115905,4.631190688834911,3.357769252681021,43.60982509465658,54.31457509751253,44.7046290722214,0.5412497117631567,0.3742367174503012,0.5258267382450206
2.767981032247961,3.379451749248449,2.8305178101230104,36.79442607703438,44.252732225737475,37.5572073876972,0.616809316478355,0.4375705710247306,0.6016380428822632
1.6799512022370713,5.317448623147736,2.0519679839211165,22.331277492068704,88.6776033102275,29.11669717801676,0.7392446988484423,0.4576638969666421,0.6911648847342473
1.8211095459766433,2.737576462344152,1.9148391169687748,27.44723909151807,17.883012490649623,26.469079552792895,0.7300004603513777,0.293592864934323,0.7192476473314762
1.627604333551219,5.223784490857178,1.9953954860029648,20.72448729186797,69.18360768764654,25.68053369598169,0.7738925082599392,0.40980738174623743,0.7276115990905545
1.561709400372013,5.0402784315568825,1.9174721421977383,20.35011208854059,72.65401170963291,25.69937454978867,0.7824243255736985,0.2784986059126562,0.7274117578372142
2.72338052251405,3.098860914760262,2.7617819262665035,38.386066043236056,23.65321601668561,36.879297290520675,0.596786202227996,0.7255702520368198,0.6088285027658586
3.5399839913194326,3.448612403832089,3.5306391698718627,49.03821816062269,30.68980298198568,47.16167569917118,0.4840951571717106,0.6448186995654765,0.4997653249738656
1.4502816635867903,4.297290511286552,1.7414530230106295,19.141341745329342,50.06022596527961,22.30350035873335,0.789502167877594,0.5903287158586072,0.7634311315598076
3.246875005292686,3.237593059258563,3.2459257153573784,44.766001412971114,25.3846916806175,42.783822008525846,0.545116299543684,0.562345494057574,0.546200363292286
3.1012049486659974,3.4053438983393978,3.132310068518959,50.25274507501475,32.42620333971913,48.429576033904965,0.4891483765037232,0.4296766524823111,0.4863169539711739
2.558344121884355,3.3210874291381054,2.6363519601262166,36.67524144044971,31.2438024851416,36.11975336547501,0.5982567308843401,0.7385244830858739,0.616884836703967
2.6415323407703513,4.074425904506047,2.788078273425138,36.78249471460243,46.787208986339934,37.80570412875741,0.5960144939990168,0.6184703466255921,0.5990022865257202
1.4788069022582941,6.307754938583104,1.9726765877915133,17.360404714155507,112.12667271232694,27.052409395786675,0.8028961458484438,0.21628598599779292,0.7130603817155481
0.6628866875649571,5.221249007422759,1.1290828339140508,10.511361016989701,44.80284103493902,14.018444200643613,0.8894634633061423,0.47457671504636856,0.8513091026745644
2.3959210347108457,3.904416831237688,2.550199013901091,30.815372825453455,66.87166911063338,34.50294858189231,0.6694906978968431,0.35239220635401847,0.6340339689921228
3.1794888820550757,5.150808699408576,3.381101136102593,42.16692716536272,70.7125260691703,45.0863634168885,0.5329899469948705,0.4392569548413551,0.5217777566721664
0.6620133102513815,3.649902881926882,0.9675929255363759,9.946510300035172,23.39124709936536,11.32154019996667,0.8983734484574577,0.6269555229527066,0.879914636221775
3.3567022528484762,2.028260726691306,3.2208389149460377,48.983437791097906,7.14357765569288,44.70436118634058,0.5161332044019454,0.7390233992034745,0.5258295796581923
0.4508357082269868,3.1466392185842795,0.726542885422619,6.185665274157357,27.18150401791492,8.332966963859837,0.9343330507106986,0.713074321846912,0.9116138483339938
1.5710102145391251,5.152320636858175,1.9372805986399373,22.229400613200404,69.03847693085021,27.016692509323676,0.7511437322177829,0.4961674456941182,0.7134392237483616
3.6998018662305134,2.9765507638604802,3.6258330034881228,51.48153409354771,15.045166192915072,47.755087376437544,0.47965935023540407,0.7168159574857595,0.49347112331259446
1.3107206934338613,5.686425360410889,1.7582359434656027,16.348771548272975,87.34807276445144,23.610063718109412,0.8181929100903061,0.3404026470990146,0.7495726694125429
2.8471657441165577,3.2399103107247282,2.8873328020651203,39.15906645780259,29.93231446781378,38.21542136791738,0.6086043478940778,0.2530672323085833,0.5946564958610472
3.7813873700450595,2.736637365704269,3.6745379377829335,52.763044550927056,11.295284971880228,48.522023684888175,0.476604820397731,0.6270565643903292,0.485336379808765
0.5529119043503936,5.379671956662513,1.0465578187914057,7.090916459354116,67.9664336899085,13.316821630660815,0.9216111447552496,0.4610432755228905,0.8587510761219267
2.378952253545995,5.465047077032694,2.6945755877662254,31.96930720175679,80.61160153849826,36.94408730437808,0.6414653438623175,0.4146523294987303,0.6081412877539573
1.4698963502883662,3.9505995008855543,1.7236046270539873,20.646179865237276,40.210019042246735,22.64702705379506,0.7891699686094305,0.34299232127705137,0.7597874110575266
2.7884203253431368,4.973612957683029,3.0119059354688074,38.51368282292782,58.12837870763374,40.519731265681834,0.5753358313976284,0.518340167842785,0.5702151312195451
1.8845046721617134,3.5839237551092205,2.0583088965540726,29.69816239755063,27.97346563757895,29.521772956189885,0.7001326596474841,0.4482494820092038,0.6868683251389539
1.2878856210105059,5.139206564245807,1.6817707174777525,15.616449999100325,88.1881543574089,23.038556126654612,0.8186546120474061,0.4627313531174039,0.7556345387173984
0.3609309248505562,4.41349343896643,0.775397545612407,3.8715305333124257,75.48844956409775,11.195988161460924,0.958414234320186,0.2782484301820063,0.8812463421514245
0.7944179413337579,5.472688105665423,1.2728773899585872,9.485050741366026,93.3639096225171,18.06357039966557,0.8978446685901493,0.11971198878814193,0.8084032398185714
2.2719187287251725,5.085943317345515,2.5597166980158894,31.079388430447665,69.71679535483307,35.03094141135072,0.6729586401070564,0.20461811447558442,0.6284336522615429
1.3150067225676383,3.201811873177672,1.5079754311527553,17.62166665037749,25.607221107786174,18.438371083521563,0.8111072885472084,0.7511205052201493,0.8044278022305561
0.9717238399963032,5.284938553264082,1.4128480720350534,15.63151848099969,72.27531066967668,21.42463359120529,0.8356599920156005,0.1685295946309464,0.7727530995630223
1.134705456473824,5.5703196235326615,1.5883478144684775,16.346193393790085,65.2382945384028,21.346521919943655,0.8137972174880179,0.5470237644546153,0.7735816147909068
0.8849992167583234,5.348096160447382,1.341452313271977,10.504387712315097,92.65169777730415,18.905817150779885,0.875823434859986,0.47223602584950297,0.7994696931710148
3.2079377162047797,3.88065336565649,3.27673818035325,44.101673526203015,42.794893377159966,43.96802555641452,0.5423650060981584,0.43484381753139967,0.5336397477467002
3.1779535192548085,4.0722473570716256,3.2694153890315287,42.368476077321624,47.357457524616926,42.87871281624955,0.5461087512594445,0.5349526911714415,0.5451938750439164
0.08306422261042043,4.033111094262827,0.4870462890294167,0.42053069028051454,32.89684972514676,3.7419724097554705,0.9955150558773036,0.6657773609084505,0.9603096301265714
0.7291336572762009,4.091899001296474,1.0730528401873654,10.404393845262346,40.56367009791776,13.488865280193012,0.8882125702452748,0.6085592118133734,0.856926242762251
3.114422360617049,4.1808111388889975,3.2234848493039525,44.364335460921616,32.252315312932325,43.12560612760452,0.5320399022004538,0.6352492265356928,0.5425751259528202
1.9276473557527278,4.94887647658608,2.236636697656139,23.650101268531095,87.99697011749586,30.231031037175224,0.7052046934729743,0.5664132610526511,0.6793453633189692
2.8500831998358263,4.634913936804752,3.0326227070258303,36.06210657693259,86.1643923225439,41.18620398273374,0.5852143112666597,0.4558432940973631,0.5631459853911644
0.7694324458131357,5.765100767585057,1.2803530696307186,11.13146321476845,69.63911082737042,17.115199902420922,0.8730729394908067,0.5264260501289963,0.8184624202963738
2.923999612005557,2.5046488547430186,2.881111466376434,42.483192683254025,10.515252662682038,39.21374427205917,0.5741757330180716,0.7651181285205233,0.5840674799679311
2.0746408329345885,3.740558507888153,2.24501877696393,30.27588375200646,35.99479070307938,30.860771962911652,0.681515177922656,0.5746949031484252,0.6726658244207797
4.585664213734483,4.081901975504552,4.534143075733694,67.46882006392595,49.82918563599341,65.66476654288739,0.31470182683368375,0.13184856365106967,0.30350665735938787
2.7428792735889176,3.124742826813046,2.7819335006232033,38.594710313700084,21.665171271208415,36.863280184354345,0.6033956414818098,0.6796012567877576,0.6089983930799578
0.9683056408502279,4.215098830008866,1.3003640351959975,14.566913513023273,36.01179962857465,16.76014050211376,0.8327677392099073,0.7674142108377608,0.8222284659487922
3.6933221061478485,4.056150629646286,3.730429568778371,49.40438241660554,49.97044791055421,49.46227547848667,0.4597076122914677,0.5807264015817859,0.47536331283350175
1.9604251135011888,2.794793915043759,2.0457582863862247,28.677081412774644,24.387395383191016,28.2383635233854,0.6937914871426925,0.7498757610396652,0.7004811981131792
0.3933534253034447,4.6132729870498785,0.8249361077547845,5.8845772722067995,52.57182906124516,10.659409841540269,0.9382573622877289,0.3483269315611617,0.8869377235010548
1.201663731877817,3.4586871940554214,1.432495676873254,17.748378885356995,23.387631523540986,18.325120632443994,0.8213835288091551,0.5195658565699873,0.8056290276270563
0.13020481868980377,5.010427333158129,0.6293184849422461,1.1137269036853514,48.965043061798966,6.007611510765153,0.9878768775492786,0.575845618277341,0.9362784390669205
0.6718310156405506,4.593488574548312,1.0729096296197536,9.69124170416554,60.23837703289602,14.86083509005843,0.8945194058967525,0.4772953012135508,0.8423740271802302
0.5996294904311414,5.056541964882555,1.055450084409127,7.873541784951239,76.34824479305627,14.876636410780161,0.9149014512384179,0.3035448998176109,0.8422064256601605
3.1597733030570727,3.7534073704511357,3.220485878131466,42.61601010693196,43.40348141368733,42.696546945122854,0.5534820069931191,0.4830402290437933,0.5471260728293635
3.318690483797219,2.3760841383510316,3.2222875621038596,46.62248209709081,11.196319674310846,42.999351849306485,0.5156665028766909,0.8524748402776972,0.5439142804026733
1.3527650393281423,4.268382880461492,1.650953227625871,19.11881863143343,44.58849078903889,21.72367146573399,0.7899903533511901,0.6319518213721367,0.769581263283507
2.378803846771001,2.5743943675361547,2.3988074227583462,35.434187567611616,12.177473117138556,33.055659953358685,0.6390738900141858,0.7822950429779466,0.6493850765605136
3.828493006579742,2.883760131198864,3.731872598870334,61.662047208377935,14.809841475778402,56.87034434936208,0.3889356503121957,0.48268232972035185,0.3967873744416709
2.2311023938456147,3.1161421923182564,2.321617827780317,32.085397181806506,19.27724001728912,30.775472017253595,0.6670658569931394,0.7459681074702312,0.6735705842700306
2.0266669839407334,3.254776958163161,2.1522691403953003,28.629002377159356,30.13946774282443,28.783481789556923,0.7058208656624513,0.5278982865938815,0.6946992352230457
2.3669169652091764,2.9492209850515567,2.426470785420329,34.133112535545656,19.135140860941053,32.599229068824734,0.6448710147318747,0.7467148665217632,0.6542263497301339
0.9076923573544905,4.225571384660208,1.2470208942380296,13.20879264447794,42.02897563142969,16.156311359052552,0.8598500481499269,0.5410784994757833,0.8286331636333539
2.6128251814680863,2.6579855917854944,2.617443859796003,37.29270029361836,16.253808876037787,35.14099548954763,0.6249232653240863,0.6277508367998295,0.6272663301673642
2.0095882326712338,4.0720913592272865,2.2205260524326484,29.11280466912676,37.379428913951,29.958254875983787,0.7030592714459862,0.3253595107436936,0.6822386467387285
1.2096426809846648,3.8768324309197175,1.4824234508643863,17.63901351945379,33.31166934213734,19.241898774046426,0.8079973817317532,0.7031396873581457,0.7959049410899103
0.281951435026123,6.192777335292278,0.8864677202806159,3.4641755893810577,96.76500168317672,13.006305530791979,0.960980650142883,0.315443185848148,0.8620446596938734
2.294042289279543,3.93117341674593,2.4614761545886057,29.97931295807535,58.27218715703316,32.87290236478694,0.6871883968352082,0.2613258052329749,0.6513235505772321
2.8300891253424734,3.1525472274875335,2.8630677948800365,40.61709285168719,22.273457956057925,38.74103928281602,0.5836772231955984,0.6567033478261144,0.5890813693849568
1.4539217743358077,7.0929601991405455,2.0306416132362926,19.845251571040222,117.59298078069861,29.842178422028006,0.746996512796983,0.47610563307962916,0.6834698469953339
0.42280959330979384,4.261903032812525,0.8154441496225732,4.607071152788863,50.71235550081735,9.322384324746322,0.9505854055301388,0.508999658110588,0.9011192917973404
0.6773560775961877,5.133448250650139,1.1330927771130692,8.128801267479549,83.06333723285846,15.79256062757512,0.9076034663235042,0.4165221918644949,0.8324913965365229
1.604238957574481,5.238085368507309,1.9758823405107933,25.4557431684449,79.73578881729395,31.00711147344082,0.7223489949522378,0.31829272212031856,0.671113629838891
1.7214110013321953,5.281147743638968,2.085474986340843,20.301091234137363,89.60280446519864,27.38876645095045,0.7638495013768828,0.42148639070844196,0.7094927081821507
1.0444557110270016,4.969038363984161,1.445833482352166,13.04293286238992,80.64253701771955,19.956528741912273,0.8517910507177224,0.4339403281472999,0.788325000715875
2.403958968162743,2.549437638749672,2.418837468563679,34.23966679219112,12.363559790390887,32.00233766700701,0.6414746711788484,0.8514513131763691,0.6605574601495084
1.3047957542457935,5.521803959175411,1.7360806842954133,15.013391249980407,91.11303404535946,22.79630926314417,0.8326280700687518,0.29465668989097193,0.7582040038444905
3.323546804941041,2.6244254326189163,3.252045755499006,46.814096186778336,11.842777143188053,43.23748401186569,0.5358419386811122,0.6558564283023667,0.5413884591042336
0.2096819761165364,4.472875984135839,0.6456904542094196,2.811096190482888,79.28946295600834,10.632747336957085,0.9695778970375813,0.25648289392863244,0.8872205274752102
0.7300249491095203,4.731232260846494,1.139239333264438,11.195701498363606,43.548038373406676,14.504463224220284,0.8807225886199956,0.5205978719486573,0.8461539938979763
2.6392151606218994,3.15014084024277,2.691468923310397,37.4200496292076,45.068385860425636,38.20226583467308,0.609923791439445,0.43497483581726126,0.5947960340305396
3.371068539475783,2.8029545556362856,3.3129659729467433,46.95778834689383,16.807874138602116,43.87427439377307,0.5133906897148538,0.771770796126313,0.534634148002459
1.0547465652949242,6.0605695320652835,1.5667057323509832,14.874631783975747,80.31501459541863,21.567398207873318,0.8178557800238153,0.5958426340109793,0.7712388231815024
3.2229308359000557,3.5112312713416443,3.252416107706581,43.42447340141487,36.74901813624989,42.741756385659365,0.5236494302977539,0.6930861140032816,0.5466465451310869
0.664826271928002,4.056788144575931,1.011731463448813,8.159904894680867,73.56691006786644,14.849257696483937,0.9084578792758919,0.4555443291521656,0.8424968263307381
0.9940348027136855,3.395529012681745,1.2396421650967824,14.631487610833648,24.45365262760404,15.63602721482153,0.8503155546412919,0.6087546125127644,0.8341517158466127
2.0423055222571036,3.6721626961606137,2.2089954604972353,30.08787962699026,42.10690587844715,31.31709822088926,0.6849051284267991,0.494009816556916,0.6678256610045901
3.2498344010731524,4.924358713418951,3.4210925693812455,40.89784082177477,82.86025687705231,45.189451554700874,0.55255964120925,0.3063581828001789,0.5206843209459519
0.4899203525617785,3.1442313802029735,0.7613839803887189,6.777740139341613,19.182394132154254,8.046397934061089,0.9282124929667044,0.7904668036087019,0.9146534300148553
2.611502574704701,2.3120271474115186,2.5808744060042623,38.01069833791905,9.616723781088153,35.10676912187953,0.6203754041531397,0.7713010582023139,0.6276293625586853
0.5356333495599341,5.43134875336859,1.0363315158585467,7.59549735797495,80.32918143695797,15.034169593325482,0.9134219041785974,0.46781678901700496,0.8405355019873237
2.6612401187909063,2.5787428460345945,2.6528028977135563,37.750068117949844,16.069586596993318,35.53274614421565,0.6154136235793661,0.7065452983123857,0.6231111075523081
3.5280652969738653,3.3339267712870804,3.5082102204831713,49.13965517998617,30.990102948389694,47.28345097448198,0.49586996917109116,0.5114227700049456,0.49847367843314727
1.7291107837577206,2.2483570607592913,1.782215516632881,25.313115826482864,10.295719016975431,23.77724569823778,0.7494451635109536,0.6601582227401551,0.7477994028298796
2.5954581296137755,3.1081973321459153,2.647897366236381,37.89703183523599,19.50127379739135,36.01564749045643,0.6042146089679243,0.7522852599191866,0.6179890673697817
0.6609485612396969,5.41359048979869,1.1470142130241392,8.538529956663858,97.1322202373007,17.599248280819904,0.9041748483832692,0.2895730245063427,0.8133282137679659
3.7179924779825644,2.168410649163354,3.559512518216964,52.37878991741021,8.192197560555014,47.85970660818637,0.4762431221281648,0.8060719595530196,0.4923614475722925
2.7628520340512353,3.152424329140482,2.8026946551399083,39.03969783664286,27.629680886266136,37.87276428489979,0.6022470318716943,0.5351012995731559,0.598290992558367
0.9672629624352831,4.472215200976627,1.3257239868315567,13.62712721381719,41.07795109920615,16.434597838459243,0.8595871833885629,0.41277397859063436,0.8256814333454368
3.1036804539490324,2.2816983638388555,3.0196141038241278,43.830523826411955,9.816820456979919,40.35184961817459,0.5686716543009274,0.47492077072345773,0.571995819037326
3.402356791468945,2.212116862067044,3.2806277077801145,46.67983681663497,25.59361330979447,44.5232912307081,0.5288436492887205,0.501068735752136,0.5277501532822207
0.9781562306359542,2.930835284909994,1.17786204300489,13.835109425064324,15.72698387696793,14.028596584918102,0.8609302690579257,0.6691542893575207,0.8512014183191423
3.2729537900887937,3.5982681589758068,3.306224577815875,44.69411565555389,29.66330473237063,43.156873629319236,0.538723792850354,0.5778447857997631,0.5422434776742707
1.700390461145182,4.31604859318635,1.9679009519221196,24.45777153506762,55.06318878363015,27.587871026397877,0.7299010466260704,0.5554708788437248,0.7073808448711338
2.493333928271473,4.09450658589863,2.6570902228015227,33.823534213537435,58.86701433773317,36.38479922623927,0.6160913778268162,0.6035184819225937,0.6140735470697278
2.9207141971131696,4.786926877401097,3.1115768575971625,36.753362136980606,77.55631553667575,40.92639146194943,0.5843824061435912,0.4562912746266947,0.5659017660112441
2.5593539515184984,3.7356135847385263,2.6796532321887283,34.58840330921736,47.22356494369316,35.88063574910693,0.6298618131852658,0.5158862533415933,0.619421110518322
1.9126544387020685,3.113555569851398,2.0354738725696135,27.56143849466496,19.002951000934686,26.686138637351643,0.7097449841460819,0.784798765583262,0.7169453440520441
3.329818454386442,3.7080046740134134,3.3684965904846553,46.781845521460646,32.735924061841075,45.34533082672683,0.5128923520311547,0.5579134926466415,0.5190309399786894
2.644123407992881,2.8571980492823825,2.665915132670216,37.63365190440264,13.122264445466842,35.126805459738755,0.6190748009654445,0.7426120973903838,0.6274168410396948
0.864741336635204,3.4806977842930373,1.1322823369638462,12.822821902913345,26.05073078251465,14.175676220145299,0.8627689669898607,0.7435373525171469,0.8496413733792605
1.8795039394796176,4.803704213337015,2.17856987657867,22.18975861141612,92.8248751788739,29.41380462399703,0.7464890065358092,0.39461570332036267,0.688013524132987
1.158954992165583,3.8598893110267674,1.4351869111400222,15.320153522579696,26.340320551414433,16.447216059619617,0.840937590808225,0.6552551367120047,0.8255475943401853
0.22190715529347674,4.625565293142957,0.6722812830280827,2.5536851909807097,41.38265084781184,6.524829405883893,0.9717052386220485,0.6726751176444867,0.9307924099586085
1.8793122187674989,3.512332352215911,2.046325641506541,26.504864445169225,27.41618659841616,26.598067847205844,0.7150718102756497,0.7386493670048667,0.7178794937071349
1.3997296533562926,4.328143793074198,1.6992265540092604,22.222556129976102,35.257495509041696,23.55567493010781,0.76962982839078,0.4744760815302447,0.7501495606550125
4.801770401731245,3.420886477550852,4.660543636758249,73.76331970440803,17.4783735050357,68.00690475219949,0.2646612570343032,0.5399692767959154,0.2786640552119388
1.0952863112463214,3.22213965631311,1.3128054033554248,16.658174867478934,18.783817189594103,16.875570104967984,0.8326534732518659,0.5833778457200861,0.8210041267153753
0.12419646107042817,4.220595918401294,0.5431464055701758,0.7979197933308543,35.718777434386006,4.369371142984222,0.9912836804380344,0.6979592192169553,0.9536549344064614
2.9199625712160238,2.8275846892107794,2.9105148332836692,41.032200301703845,18.36643300362023,38.714110464399845,0.5865428385563639,0.5993339914651186,0.58936699809788
0.9832620216052947,4.221663921371333,1.3144622158995485,14.183160353743107,31.076857224656333,15.91092480645014,0.8451098535219154,0.7330652287535201,0.8312359308289013
1.8868138504890135,3.70890409921114,2.0731639895628673,27.028961363067243,37.07270010104934,28.056161915815416,0.7153376460610132,0.5777461071142453,0.7024137749480945
1.8087369123467976,4.689660149312271,2.10337678885463,23.414069504433133,72.62075310521581,28.446571236331355,0.7512201336393812,0.23464473866960767,0.6982727796021871
2.7006167368703995,3.0360080691980205,2.73491812313118,39.29067319942165,18.391504724246495,37.153258241733276,0.578625341256765,0.8206690734159139,0.6059226525099465
2.7459434438935615,4.101060163425526,2.884534926572967,38.11377201546811,48.12643280417221,39.13779414158557,0.5969978879629161,0.46111769153971194,0.5848730681552126
3.0031792429507327,4.791749849019735,3.186101236753244,38.34875811310587,75.03215215516724,42.1004688674076,0.5682571562609864,0.44589254055805105,0.5534485564789708
3.111498904715389,2.3467570003112304,3.0332866644922363,43.23672752175846,10.423880183023137,39.88086813484236,0.5523444684554152,0.8524153112226909,0.5769914275640637
2.3168633004876398,4.548454261948105,2.545094194273369,30.259905097543903,63.721798259402945,33.68214417091585,0.6707868233770634,0.43550603456986803,0.6427400809293635
0.4171219575226614,5.410126147442758,0.9277701133099439,5.318311557925443,85.80477242121998,13.549881418944205,0.9418953263425528,0.2679227718867907,0.8562790565058881
1.573576677745536,3.9963686701632053,1.821362222424616,23.303548346151388,33.253824366753875,24.321190211894827,0.74844351684319,0.6919897504322932,0.7420298897032231
0.09436870636450546,6.176663839533906,0.7164216177113759,0.176610125567199,64.47251279599736,6.75232744413392,0.9980934047213263,0.3992177037874346,0.9283793827379687
2.506350335708777,3.762788718417192,2.6348497157585014,33.57013656856997,46.986049173222824,34.94221853950038,0.6361545078084649,0.5736061269900393,0.6293747184198053
2.2612176453897366,4.962816797829973,2.537517558707488,29.522515078862156,81.59863823091393,34.848482219412915,0.6603111043822216,0.45184853070266195,0.6303689612434954
2.740325149372031,3.124994811212713,2.779666364787556,39.68813430929273,23.219118108137597,38.003803106901856,0.5936218358149807,0.6091572714653164,0.5969010893887228
3.484269725505682,3.2040456639722588,3.455610446485218,48.22763976247546,25.687189436099754,45.922366433641585,0.5177274332922333,0.41682163022295393,0.5129104360944607
2.730480302258236,3.7291842816451446,2.8326204819682603,37.20870580011088,35.42199205218407,37.02597371225472,0.5967019390321044,0.6818660092157602,0.607272734632679
2.9278966006209557,4.800005121446726,3.119362244796319,37.455133015531835,75.4487809962915,41.34084701356408,0.5844938764613127,0.41518736203871653,0.5615057169926047
2.5974478632593607,4.525998411963927,2.7946859875586907,34.33522990516498,69.6090359778568,37.942778253508465,0.6247924854650917,0.40890330202913727,0.5975483680795921
0.5370310431404008,4.88882003112491,0.9821003714569982,7.645100939124757,70.43376544820408,14.066668900280597,0.9184743614734319,0.2828174122410083,0.8507975927124286
2.191642243614639,4.451901143928769,2.42280508569222,27.732367865357528,72.08347096885237,32.268276137305854,0.6999880814889646,0.3375561292779887,0.6577367027804222
2.823802076479282,2.6017902557686607,2.8010963220884233,39.07825227337778,16.038336587076305,36.72189726000603,0.6027019477651373,0.7230013865699554,0.6104980141211344
1.4570807286444847,4.767808623170226,1.7956778996755263,21.921420741357565,53.11565057439962,25.111739701555052,0.7680432558599641,0.42442505205608483,0.7336446858021834
1.1560494582482772,6.426242142647769,1.6950464373345888,13.882013225590336,102.82499909303404,22.978454962033442,0.8312713721644209,0.4653359665495135,0.7562720200220224
2.7854693997656352,3.965948429422114,2.9062002096168658,37.14843471648642,48.016871475592325,38.259979385031336,0.6078576970160006,0.46621949671679197,0.594183877683674
0.1781068493151342,5.102901302695568,0.6817790093199515,1.4766499902200414,68.14923329130689,8.295436918740286,0.9833725040818957,0.5049307984262585,0.912011922186243
3.7847848595758014,3.1014593906027956,3.714899300249017,54.086771671902035,18.102022844424102,50.40651326909179,0.4563993366675576,0.6202425918176002,0.46534796716716764
0.2529723637344343,2.273497658427887,0.45961699614626467,3.0713355137216554,9.660578144042141,3.7452353281862503,0.969604451197192,0.711592686378735,0.9602750209886081
1.0695802087211024,3.6400377310481074,1.3324679098681822,15.091742154030731,41.28480709988012,17.770578341674415,0.8335861092319661,0.6710612795429459,0.811510949303903
0.8654274548317001,5.675705344233963,1.3573876935205678,12.294574582678134,79.58021503615663,19.176060538147528,0.8655235056003809,0.2341455996886923,0.7966032743881005
1.5743984148704244,4.255021651383428,1.8485530640592542,20.392635400961208,68.30102695571892,25.292357264515978,0.7781318323311501,0.39863484799598925,0.731728910618789
1.719184348957575,4.020170007300345,1.954512427651722,27.898352125011897,25.95399892551551,27.699497820517948,0.7135830845348341,0.6063396795611,0.706196841286591
1.4169157841123399,4.977720440136588,1.7810889875693652,16.622194338203055,84.60412324573986,23.574891612837497,0.8097525914154575,0.4538511099969773,0.7499457330577557
0.13104385437000324,5.264718118873748,0.6560787223306135,1.0242837567570182,81.0165280948292,9.205308745878037,0.9881984589930511,0.49313013996334387,0.9023610895765848
2.084523301735331,3.525684753269162,2.231914813824018,30.990925627685744,26.672777127840988,30.54929680383799,0.6898863890399147,0.3831660390468995,0.675969580546236
2.609477634923999,3.363180895969013,2.686560922985421,37.63928019434854,26.529970105195822,36.50310075341246,0.6037367898821268,0.6987760295669054,0.6128187458964605
0.9740499398695455,3.375550062072919,1.2196579069130726,14.206654327818192,29.058809487670164,15.725624741893961,0.8554961060521393,0.47266072556230976,0.8332013723913863
3.0016006282428473,4.367366343301292,3.1412812127374607,39.099305621200365,66.74441962354535,41.926646825985635,0.5717807484341886,0.43651437426261486,0.555292252893783
0.0796867935735786,5.659835772263259,0.6503838482122958,0.6154955284922032,85.2475057380646,9.271042027198474,0.9932014552195721,0.32959016634218063,0.9016638695110919
2.3348775894705316,4.293510413345659,2.5351923100941245,30.716411130525493,71.69703557906223,34.90761135821675,0.6624310189869692,0.41326340884456636,0.6297417900267053
1.2325589249320543,3.5499750974140745,1.4695673971177157,17.949150727703437,28.535602104509152,19.031855982149477,0.8153288939900459,0.583533142588244,0.7981328239246163
3.350817356872796,4.276583373209687,3.4454979721799783,44.171520823222956,55.946404376159556,45.37577027750057,0.530160348091264,0.4142031791261679,0.5187080746746042
0.7099822012070865,3.782534287035844,1.0242204827123003,10.561260154300191,32.060553855072335,12.76005155551552,0.8880631320639271,0.6542217340523899,0.8646566274721617
1.3578610265744928,2.9676189296647575,1.5224953575723605,18.561296152398818,19.04054472765453,18.610310211231788,0.8042662272446588,0.7789345351288358,0.8026040775134143
2.4850224401559884,4.045410911743527,2.644607624750168,33.50222847232253,50.97069183040965,35.28877586121781,0.6252524685649453,0.6280053211983924,0.625698852653011
2.56493554596911,2.91840644554873,2.6010859788806617,39.818765885791265,17.89138718496513,37.576193064115856,0.6005203265646353,0.6149332295767557,0.6014366655237906
1.8914682645084624,3.780498223337192,2.084664510297764,26.56735399320107,59.16360716927261,29.9010617043902,0.7129100734566161,0.4595689999513045,0.6828452835297604
2.8736585157794963,2.114636763113689,2.796031291075039,39.90844030454908,7.558235937787133,36.59989667613025,0.6061315701127117,0.7644450982367299,0.6117920504657585
2.1284519462523472,3.153511551044074,2.2332875876515015,32.59531767400606,22.78116024139753,31.591597027489275,0.674245072050396,0.4092189824996706,0.664914105821723
3.5559051636999426,3.2254270615388503,3.5221062668880134,49.54163471519067,20.382892812646517,46.55949065697593,0.5074502836931963,0.40293280170727264,0.5061525840019292
0.22530018388684434,5.630804130310187,0.77813581477105,2.51088734924379,74.97015896949755,9.921494674042469,0.9717988844113062,0.4549218739740212,0.8947646454358198
1.0773485571652113,3.9545912571661024,1.3716120151198476,14.99555300613077,38.515010166775454,17.40095203392397,0.8372658549428686,0.658109687892226,0.8154315032960484
2.9087005447229832,2.1214609719009108,2.8281874065934534,41.730383719733105,8.422430728106164,38.32388852740761,0.5816596410553483,0.8058970570775777,0.593506005903381
3.0024002809253854,4.992409041033575,3.205923904118268,39.766390196263494,78.9483107338088,43.77363206942153,0.5757532042095406,0.20149280200691488,0.5357016414633995
2.2457130348933685,4.935368093473035,2.520791393157198,30.780091197340674,74.40116851563464,35.2413377412571,0.6513035110914063,0.4609916434704969,0.6262020195182801
3.2612514540479984,2.7334852526900066,3.2072753652727495,44.600820046111785,20.9513049446697,42.18211963800976,0.5531824842741762,0.5371174313933929,0.552582502716201
1.6087255638402462,4.231663176323819,1.8769805469351568,25.932165644042275,60.321294804340624,29.449235671800054,0.7209557955475977,0.4272705264799541,0.6876377139349644
3.581552592212147,3.2358889452110873,3.546200628314311,50.92789169317472,26.262863516179394,48.40533199325475,0.4867729262208673,0.4737707542124021,0.4865741057711511
0.6297243170590668,4.021617259067276,0.9766224588553608,8.253374556716832,29.658173793825338,10.442501751421112,0.911244754696735,0.7179378491685777,0.8892384252119825
3.1990342570285075,2.5338644731869193,3.131005529135618,44.3717449198146,10.300362611543314,40.887171729195956,0.553653656086136,0.7501535793633378,0.566317762049928
3.927550741736744,4.5125183148862575,3.987376970808853,56.89638073560832,54.408565778135106,56.64194511495766,0.4100714392187068,0.2769556415038077,0.39920996047375534
3.444386403982213,3.400578102021357,3.439906009463489,44.3522786815003,53.4035428127787,45.27797614947196,0.5365933897320372,0.34271348428470816,0.51974535787391
3.3050997766731642,2.8383760588325555,3.2573666691667373,44.64050514416235,15.223459325422011,41.63194363997299,0.5500814207352954,0.6898701258471829,0.558418111979549
2.2572211418422943,5.510206138498204,2.5899127892275584,27.614287632668653,107.42393865208454,35.77663830510891,0.6802524509856797,0.29498870758323315,0.6205241910774976
2.7895125720696403,2.209468457078094,2.7301898784909593,39.607190768434776,11.295105269361242,36.7116365696659,0.5998734803195322,0.7580382586926344,0.6106068472578232
0.9856924878735374,5.385855694469234,1.4357091794571881,16.012753704548253,81.13783499519478,22.673273382000744,0.8289994785151971,0.1875290640843149,0.7595090213848537
3.0883008282243436,3.5095594900139195,3.1313841004528227,44.238443400270874,25.223582183645256,42.29374168493416,0.5480854324935192,0.5913143255374341,0.5513985494842346
3.295028149771744,3.728449625546225,3.3393553461577707,47.112308088539905,31.332278728062956,45.49844144940022,0.5179198035094578,0.5067346748403545,0.5174069255338969
2.2057609932934192,4.632621411093456,2.4539626269320594,30.17830110148274,63.10112281145544,33.54540786727541,0.6783589399641634,0.3312861411960698,0.6441904161730083
1.6808012966839825,4.071819103988524,1.9253372087946743,29.874049198587187,29.412750705459676,29.82687094360823,0.7007842585723989,0.30333646212176113,0.6836322104266426
2.682440304788466,2.2732739449368804,2.6405937452581907,37.995111977723695,11.166271545090696,35.2512532971135,0.6183513422471163,0.7317669421163339,0.6260968471555938
1.0123183579020616,4.405645067317311,1.3593631350013482,13.671834103641723,56.63545275419751,18.065840556539474,0.8508570685786068,0.5144740324252928,0.8083791607083779
0.27139007454948805,6.035916617116121,0.8609439254938028,3.570799872854514,54.24311459018971,8.75319569621834,0.9561155025193095,0.7347025798523625,0.9071565643157398
2.6069727596262355,4.139080324789365,2.763665578790646,34.302540311600325,58.8893682975469,36.817102264708495,0.6327190157474714,0.4175146269371772,0.6094881932468299
3.545024206070876,2.4926026948630446,3.4373901878791666,51.08055280785785,13.964190684163135,47.284561227025435,0.4879882971066226,0.6826959759253866,0.4984619022014498
1.1382123996839202,3.3191228900534266,1.361260063471711,17.649080014886668,22.16618325628529,18.111056482756986,0.8206365539033894,0.6097497519212537,0.8078995642177507
2.69067729847252,3.9188152014047706,2.8162823112724094,37.859702102770484,31.506236036977043,37.20991580058706,0.5990123346434795,0.6614997583086242,0.6053216968585446
2.4241934211963905,2.4501403246884754,2.4268470817808083,35.64328663661405,11.34028538513673,33.15775241771296,0.6422631936182857,0.749733213108342,0.6483022017480359
1.6714838829015193,4.541253609084086,1.9649830594429183,23.467047432695075,46.19990547968387,25.791998823864386,0.742516916685323,0.6173184784226182,0.7264293102681891
2.386128218395628,5.510269866254466,2.7056427051084637,30.874268606362854,96.72115961446835,37.60860973219182,0.6430165084614792,0.3868593944147747,0.6010928282622852
2.7296533514937438,2.1530150882020513,2.6706789836570937,38.969865583128,7.962359328697194,35.79864335256121,0.6120853100010548,0.750970318892333,0.6202907878406947
2.9185350158668886,2.7807630245172126,2.9044446985697623,40.71779410864867,18.43592792643324,38.43896688546754,0.5931291755535475,0.49910147047444287,0.5922853922548363
0.09426970306357958,4.66219774567917,0.5614441619674468,0.6356284270200515,56.164202122258345,6.3146871003966965,0.9928669466938577,0.5956949425028044,0.9330213483145134
0.5958561397653049,3.4004669025447267,0.8826913314132003,9.41181904199919,20.525371767476692,10.548432388923024,0.9038851173641208,0.6689093772455215,0.8881148396472097
1.0031359305394205,5.023423036036905,1.4143016572380267,14.342346141464402,53.44175769217067,18.341149595513908,0.8412892431021524,0.5808180982652968,0.8054590115490987
0.8468223352742518,3.808364880664397,1.1497073683255166,12.542425424579665,23.49395576251467,13.66246830005029,0.860153034347631,0.8253050009747104,0.8550848694663615
0.5090791561885958,3.8649427536823535,0.8522924786595483,7.726296235155305,26.218181044675777,9.617511727038082,0.9183408399309922,0.7124250255185127,0.8979889331324272
0.18289232145011994,4.894836623296189,0.6647957159571043,1.2469277027183832,75.35401979177477,8.826062120917332,0.9863962029887038,0.3540779973133755,0.9063836843928099
2.7227749918510833,2.8995495924384773,2.740854212365703,39.82392104638925,13.099370854145388,37.090728413091576,0.5982252001827228,0.7408205601660952,0.6065858941790836
3.5802313358996907,2.389874982942286,3.45849034525632,49.63401187530058,9.862696998057233,45.566491035582516,0.5006664537052214,0.7586504129843806,0.5166851368755231
3.4579882828496786,3.6720333826409806,3.479879258964698,45.41838663115908,52.438832802706,46.13638680779456,0.5239802859223599,0.37093599357779017,0.5106403638222987
2.425057331361657,5.244937063521253,2.7134541221507065,33.58569707899935,70.57217951197777,37.36840550964487,0.6278172518572562,0.4376150390320718,0.6036406274959707
0.3944096033885591,5.783564163974898,0.9455731379939802,3.1595093196933677,128.59490079346784,15.988128902238481,0.9636314666563643,0.17795796436453282,0.8304170420766502
0.9947371636612161,5.606848056787765,1.4664303231855227,11.818143393158312,86.15615111464734,19.420894182856053,0.8697280679364637,0.28718526258655286,0.7940063717785016
2.3666883129597758,5.143774891606358,2.6507085312304497,29.577992027719176,94.7012551379617,36.23832575490307,0.681396874163022,0.11388456861576113,0.6156271625477101
2.4953943607543927,3.554157839508443,2.603676989263329,33.96177784351917,44.410122678872796,35.0303585653167,0.6251323785606364,0.6435603829907499,0.6284398343954916
1.5669034848642414,5.145380155125579,1.932884053413696,21.965689433896095,64.16962245388792,26.28200076548617,0.7584905270939702,0.4373287180484119,0.7212319554584732
2.8347433560420043,4.335052892032509,2.9881841040410335,37.41220482199663,60.8503843297525,39.80929136256257,0.5961113173422858,0.44035009554913285,0.577750628395883
1.3062026356446335,5.217025378650565,1.7061731434520582,15.79550929706728,79.21979252939299,22.282083718555132,0.8129386971842426,0.5467360902653258,0.7636582936756755
2.805546615700589,4.93454447614958,3.0232850332465087,38.69694258223175,57.12667003552729,40.581801071773334,0.5607038936592759,0.585952178687645,0.5695567689196734
3.012535439452887,3.6780907794570177,3.080603599226037,47.071641804816245,30.757698262279646,45.40317030614772,0.5290926225589825,0.30276071064662047,0.5184174479268728
2.8395538701805068,2.129734790141705,2.76695873699472,40.17658424208076,9.109902142057747,36.99930993639657,0.5965252000908536,0.803235820764395,0.6075555520909994
1.5128185409216262,4.008822741185476,1.7680916977667926,21.80378115336006,36.46999499748361,23.303734841963603,0.7653543073090161,0.6562615723639003,0.7528218399209735
3.1201107845592966,3.9397160719271875,3.2039340525855575,42.43298946217729,40.46305984341394,42.23151938753104,0.5660845197107001,0.3528986377440272,0.55205852922964
0.3948887895669913,3.1441851737073803,0.6760668288540765,5.366537128687349,16.055630920411097,6.459739902840914,0.9446774641532031,0.7537787029523055,0.9314828015937575
1.0851111968868339,4.543370642051187,1.4387968219604608,14.023311852274118,66.86904023051926,19.42798861823101,0.8427104410737956,0.5119718133385627,0.7939311224892923
2.834070350242798,2.186022879551041,2.7677927680129595,39.39106865624237,8.522697655899815,36.23407616757096,0.6092147726219198,0.7344390982750815,0.6156722370898369
1.902898448455447,4.3474809624815185,2.1529125692081132,27.17048857631707,55.980828651220094,30.117000629432155,0.7071973926454314,0.4590559787909143,0.6805548615633553
0.9343052496840606,5.644087124689492,1.4159874869005256,12.228913824431595,84.29447834181578,19.599255650073157,0.8632552751283976,0.3816403483531884,0.7921145265616426
0.06979241653296044,4.998255832525325,0.5738398113503613,0.3673151638622382,63.12128657885886,6.785334967668712,0.996160754186321,0.22975611844515131,0.9280292783881113
2.5489919360140836,3.3051194474954704,2.626323158779225,36.022367296132,25.927716528974752,34.9899598313091,0.6200498390824891,0.7104038340481527,0.628868335870008
0.7591072842230681,4.210819068375279,1.112123262147726,10.090206216812113,50.552457368049346,14.228390993643195,0.894362446001802,0.3929853602324247,0.8490822380813969
1.3812014793356286,5.155840473386459,1.7672441037271909,19.097984253455685,84.92864354197765,25.830665317054525,0.7909073325754737,0.2857147597153853,0.726019182333407
0.8568974935309364,4.184894746195219,1.1972608489170562,11.908333032267816,43.918771845540604,15.182127910897988,0.8708998181145813,0.6078283855836336,0.8389661370355692
0.5482522953395731,4.1406790276876935,0.9156595747842672,7.784983869604361,36.35632419760302,10.707052766786047,0.9147672212798665,0.6967016627881971,0.886432384306162
3.037945088729517,3.7178754989419662,3.107483426137608,41.55180286800152,33.87151908111919,40.766319298888554,0.5663425117352475,0.578756647320839,0.567599620154092
3.494080993214896,2.3305044460929754,3.3750788463501546,48.169106897847044,8.253056768992277,44.08678358921417,0.5126449441067662,0.8128748583065354,0.5323801045074902
2.160982084154463,4.298160399457744,2.3795571391286625,27.753210302868588,68.59379484051414,31.930088266945976,0.696226261072534,0.4113412869046221,0.6613237954127188
0.05198053387369275,5.788414743702152,0.6386613053334217,0.2752115591853046,80.06734509547191,8.435770670850978,0.9969896560917483,0.3252913032427981,0.9105234295098998
2.311880574029048,2.5946721752914033,2.3408024423399705,35.120268054932204,14.288399448370386,32.98973603835203,0.6334299134832265,0.8216496685652316,0.6500843186402514
0.8185892076419843,4.104887063186419,1.1546878519590287,13.055611304809219,32.80794893208393,15.075736743962313,0.8681878372087519,0.37228742844234397,0.8400946073460219
2.622859062402918,2.7388085325135467,2.63471753093696,39.1634956664398,14.824068061459043,36.674236025021315,0.6005922205496057,0.7503301446233247,0.611003547523849
1.9977693371041165,4.020218367296827,2.204610715192007,30.067223166332173,42.09614215340404,31.297453517282705,0.6841629506494,0.5015870141314658,0.6680340285356188
1.5536589423328684,4.026074155504862,1.8065195891345496,22.3631600096524,40.13461895167421,24.180695583268268,0.7616413278009144,0.5898863589782146,0.7435200887653222
3.2594725982942667,2.9286199965010997,3.225635400383602,45.25802342771544,18.25581905346544,42.49643434398533,0.5469791647793791,0.5252535542128718,0.5492486280718276
0.9235076292783932,4.731801857668956,1.3129922662728826,12.968293518572024,51.69781316863736,16.92926711914689,0.8499386679897277,0.6774531413424336,0.8204345729826158
0.6150017910650886,2.873657058608961,0.846000625245712,8.350019011680905,13.731153463206589,8.900362307859668,0.9164240681102098,0.6936980669079726,0.9055955968340352
1.1680923541177366,5.119870167765267,1.572251448695325,16.792018598472215,63.85209839945925,21.604981305391345,0.8099763103202027,0.5487372858061039,0.7708401866128332
3.095390879167977,3.6177353309692677,3.148812470829473,42.885855397827974,29.79592692568724,41.54711271317721,0.5554354356028501,0.603024552312748,0.5593178970374111
3.775794961929168,2.8594225490443814,3.6820750560659516,52.52322429100792,19.09272273805824,49.10419572309261,0.4786226639310397,0.4819078765551863,0.4791613948019109
2.478606537751744,3.0905747851943133,2.5411941994220073,35.96237539601129,20.835699209143318,34.41532896780888,0.6261300946363552,0.7309982599521214,0.6349633331109155
2.0952998745193137,4.272441114653066,2.3179620468057207,27.085098896799973,67.32610144908028,31.200655976010463,0.6865074270521265,0.5662081571565265,0.6690607411340115
3.2241796147232065,3.2689978631465593,3.228763299221049,42.26035413625645,46.887264602098384,42.73356088844483,0.5536438423693267,0.46757730744846926,0.5467334731679943
1.996483428010559,4.603392991760569,2.2630991788486283,25.862156267633388,71.18232351759951,30.497173372743564,0.7178870823178924,0.3923851476232515,0.6765224435908209
1.0649978098221056,3.3218876122139904,1.2958160850667302,14.998638202493419,22.823176831113642,15.798875107693213,0.8476884239579832,0.5899326815160586,0.8324244200802583
3.00291683961877,3.1302548135266943,3.015940041495717,43.6303241654172,19.440966214274468,41.156412556777596,0.5622867576613824,0.5843501460181051,0.5634619772226844
0.6795775154959137,4.302905630898611,1.0501451636620986,8.713631324717658,56.83208926763947,13.634837250698299,0.9102976693823235,0.1413672279807432,0.8553779466055494
3.5922115753684913,2.6606003611568494,3.49693315573321,52.28512437075924,11.56234474464591,48.12029463627038,0.48862803009404376,0.5118209958571305,0.4895974412978803
3.57340822463742,3.3682853209564727,3.5524297458518688,50.989398967660854,20.027744110736606,47.82286608456632,0.48181243197102064,0.6367272404878858,0.49275220780478335
2.7102535431073225,1.7954858771860747,2.61669775909265,39.55907688305721,8.247756602930078,36.35678276349875,0.6090498625275431,0.6798409351459083,0.6143707122133877
2.570202285761778,4.741622292093521,2.792279331863888,33.930968408381176,71.0016207545396,37.722285125601914,0.6183077650918921,0.4846813609689653,0.5998870955855311
2.281689561932339,3.5895500664446,2.4154480226210926,31.45738685761156,33.592120293604694,31.675711868110856,0.6691622548575564,0.6138205198916091,0.6640219161499308
1.1999619293393113,4.7376075524990355,1.5617665953442832,14.566127987882185,72.44704170973685,20.485766891253686,0.8407806435976702,0.37717108758930395,0.7827114751207298
0.7506607872896124,4.500287250646876,1.1341453119511506,9.930309557069139,46.558056123645144,13.676329092287137,0.8821313203855314,0.7255167727345366,0.8549378507525984
3.5676426242884123,3.1189924508712994,3.5217579474616625,47.203759653018786,42.924331582002566,46.76609087302848,0.5134069667669938,0.37854752215307497,0.5039612158962536
2.783972255504807,3.8216859411554527,2.8901020642645316,39.231203756627245,36.56967792796075,38.959002251422724,0.592881992284819,0.5185977790252356,0.5867694787841184
2.926648510870288,3.695073358948612,3.00523741578739,41.83261211515438,32.84086543762002,40.91300165949746,0.5684782018366075,0.5313469800212596,0.5660437890284276
1.2602889512588884,5.580939186081802,1.7021736343657772,14.969675871853232,91.34753842308265,22.781048178228968,0.833187649428986,0.3089617667915474,0.7583658751889651
1.4682293193108127,4.172440738622472,1.7447963962858686,20.37888186681939,41.373351381281395,22.526043521707553,0.7897942252419199,0.4160126403793477,0.7610706597326445
0.8373829064800891,6.359913297920779,1.4021871510592505,10.221298416653633,98.98289148235457,19.299188616554865,0.8858375571251879,0.26497767408575457,0.7952972789293817
2.942372732787842,2.4866599337368402,2.8957657419758074,43.74399496445904,11.647345428396017,40.46138308008895,0.5634794141312134,0.7067935907374334,0.5708340190182867
2.7398717007399744,2.846896374466016,2.750817406007411,39.196286631441694,18.439352753377904,37.073418393912455,0.6027989033599748,0.6457482485463372,0.6067694981687721
2.7463196491398243,3.7445098861575996,2.848407287016643,36.04509330918801,41.361233420672065,36.58878945695342,0.6318803290102176,0.2550469611260322,0.6119098625683395
0.7720939527175446,3.429745480605915,1.043899222615219,10.849459858315285,23.253554234157733,12.11806041948099,0.8877730241595642,0.6794930475030465,0.871466101956325
1.3827011479059124,3.920225160127982,1.6422206491558966,19.323578146411734,41.26850030040119,21.567945184887925,0.7917587190179012,0.6148263517447008,0.7712330215032309
1.065951850561622,5.080929483088535,1.476574562979147,13.629205408762429,85.03386770099013,20.93195496137663,0.8500392694571054,0.3102712573188927,0.7779788454813124
2.954760723810347,3.336715793929925,2.9938243105271223,41.092114578343406,28.7295474404598,39.827761121059865,0.5841528469289512,0.4706549462759011,0.5775547232779512
1.7818192499415701,3.8051731848048416,1.988753175098041,23.289188089823366,55.36233506253784,26.569396302941893,0.7551217904732743,0.3638379967981844,0.7181836071724591
3.014224514923054,2.7818712322352663,2.9904611110118036,43.45745692001836,18.303558800544995,40.884899157799495,0.5534230422010675,0.7277109835375055,0.5663418667704903
2.851780245732074,5.67601565428696,3.1406225034251873,37.13847592148971,89.91876446225082,42.53645997679483,0.5661237078741491,0.44662605272256606,0.548824084008786
0.2119733784782999,3.0207557901832343,0.4992352160390318,2.478093763391088,20.220822361812196,4.29269100641143,0.9751293186531668,0.5715548239290724,0.9544682656257363
3.0474147085588865,3.885241044788939,3.133101492946051,40.93810975553722,47.872210964422614,41.64727919735504,0.5729042174604212,0.40504109161145996,0.5582554507201763
0.6446548263779381,5.456853505530576,1.1368115094730944,8.796468424873717,78.32893165789619,15.907743073705563,0.900678408723367,0.43115464298653394,0.8312696788461613
2.613336109576993,2.7791652412651273,2.6302959071360066,38.03707336073132,18.549808792073556,36.044057666209504,0.6210974486959049,0.5195396642878238,0.6176877261891602
3.5768973755107987,3.5727466796255922,3.5764728725225385,48.376315253178994,38.310474764886266,47.34685429414906,0.48305317475680465,0.6138989965473872,0.497801171815453
0.14457501151774957,7.012414470441495,0.8469676834531324,1.0454555339962477,122.55312589022553,13.472376365883333,0.9872239900724777,0.33785788094590974,0.8571011374530981
3.1299314970710896,3.1376206071305246,3.130717883327168,45.01614037108306,18.67935763731441,42.322605773311274,0.5358741666622439,0.7156908925070862,0.5510923937411403
3.205098555860895,4.461989399039095,3.333644210276847,44.378598566697164,46.8301903556104,44.629329545108746,0.5400580813959239,0.3586857410000326,0.5266254256096317
2.822793698302282,4.59688805282304,3.0042351663782685,39.16762252011751,50.731441149621645,40.35028578904406,0.5620940750869667,0.625615649270161,0.5720124062672178
3.3013563348380655,4.3703507086562166,3.4106853048876498,46.71777390398742,39.51208329091485,45.980828273105,0.5191084492412116,0.42798375062013394,0.5122903427913315
3.552140697081211,2.6063493835335865,3.4554120400138406,49.89328214233151,15.405789626468483,46.36615222593644,0.48299799861388404,0.792379592497014,0.5082032869463711
3.4454564781853616,3.709219602945786,3.4724322523085864,47.559326200325465,39.36914575254126,46.72169410907481,0.5078910298732977,0.46449001266429135,0.5044321236928774
1.6831457435547372,5.884701816238744,2.11285034189742,20.471403106264805,104.61998798220569,29.077508377667854,0.7545876177520302,0.43400148864590127,0.6915805526789625
1.1545578235753464,5.002024998389504,1.548048784635885,15.918292616249003,53.9548010472806,19.80839006942269,0.8357884634119539,0.23935233213443674,0.7898962786569794
3.4256798166076763,3.0079278280249753,3.3829551814117185,49.16928648737551,17.440772092742954,45.92432478792445,0.506388452939776,0.5444902766406696,0.5128896642133993
3.404307780497636,3.41900448525386,3.405810852574977,52.59592865990689,41.33996388840919,51.444750444640086,0.46648836371039626,0.2681451098343107,0.4543355883996426
3.121644516144955,3.3384073550249855,3.143813442848594,43.37195513383475,27.41587087129527,41.7400828797114,0.5448054972201368,0.6775055610013263,0.5572711002025891
0.6854996295400358,6.204500296718204,1.2499428795923484,9.005091510906688,90.43024822798651,17.33266435697167,0.8983985139043925,0.369489852523857,0.8161558173366779
3.1579174702302297,3.397396844776403,3.1824096789906338,42.97216555046696,31.989910852073276,41.848980410858516,0.5280868815281357,0.738588252270678,0.556116045376887
2.6552397482382535,4.618863821756197,2.856064937575316,36.051388143795386,64.6647915496477,38.97775894666663,0.6071133949600929,0.4333330893153031,0.5865705301842054
2.962648728436541,2.8724168559437167,2.953420468749775,41.55720376553086,18.67893858400636,39.21738119014767,0.579174949697787,0.6501365955504839,0.5840289038887072
1.0398680795367885,4.443385579717459,1.3879550966007208,14.516038556502753,47.37649747581943,17.87676730961468,0.8471533739598941,0.4628529700872339,0.8103846236786688
2.4324015281639424,4.502623876892537,2.644128813829367,34.51939724787801,51.81559589974391,36.28832665545521,0.6108051661322115,0.6237143648240799,0.6150968127696772
0.10293874969851446,5.227021315607495,0.6269926484846603,0.7189176199406687,61.38925516241708,6.923838504966667,0.992199191558668,0.44351286780759414,0.9265601984425184
0.996233674790187,5.73585823128982,1.480968004432195,14.36413037005315,77.85439156751409,20.857452537975288,0.8373301619828919,0.4551230128972439,0.7787690781226747
2.733725596172439,2.2594753746916476,2.6852227326119036,40.08984528193925,9.529958944094105,36.96440236102327,0.5956673945632254,0.8137120981300486,0.6079258099192877
1.7688397501547586,4.573685421294605,2.0556989665213337,21.86544469258793,83.94597055276208,28.21458938283301,0.7608947609165532,0.2947996150965314,0.7007333657746744
2.413527289400936,2.563844869626047,2.4289006782875955,36.159497603695335,11.944280111587045,33.68294126927517,0.6333752841651968,0.7861400076108567,0.6427316262628822
2.8555580993328675,6.071989585073322,3.184511319465414,33.76364894097644,113.6868275645052,41.93761039111006,0.6107489293075454,0.22979336066429257,0.5551759645016545
2.96433369874767,2.573868738106941,2.924399782318504,42.2855621625075,14.27949919351019,39.42130572249642,0.5755357257676224,0.6926967842124568,0.5818659162370381
2.8772289460251264,4.022017101478586,2.994309552832867,37.14573828639132,62.83737460652014,39.773292000949944,0.5996279627575214,0.4151871928650175,0.5781324665873906
0.37867746887178305,6.1288178989210245,0.9667600128540919,4.166571005967175,105.65714765945366,14.546289072801022,0.9541397709635184,0.14954814540291084,0.8457103552981535
2.637004955661876,4.562804748294028,2.833961752635619,35.41627464387667,57.30768499933332,37.65516888477565,0.6202688522068824,0.4226499412135779,0.6005989844321629
3.377317867406829,4.156843442902168,3.45704207399158,44.26268309537795,67.77676465543195,46.667532345838026,0.519831312357994,0.3936768560630278,0.5050066069280452
1.273853503953845,4.564729280489734,1.6104203447359244,18.047466989704354,41.03696576104001,20.398665727681863,0.8065779936086835,0.5992757805361114,0.7836353401362919
3.4589275706989278,4.255763343703916,3.5404221383926195,46.83936510663385,52.23661185955699,47.39135625181917,0.517164379749183,0.25697220333201576,0.49732914824964225
3.691628873990778,3.199105538739911,3.6412571692492124,51.26169045226562,21.847467953954045,48.25341769675647,0.479220075789341,0.6176734302565912,0.48818543101806067
2.775639222373849,3.505005823584378,2.850233533861289,38.211836211609615,41.138035439011816,38.51110658713939,0.6080708762334358,0.3673147045203282,0.5915202205409964
0.11928272533887109,5.243795814530952,0.6433806549153339,0.770649413051324,45.50597603386661,5.345853271998342,0.9918796667683353,0.4873992961928598,0.9432975793457126
1.309637076061412,3.731804923387835,1.557358787719796,18.570368916736975,40.70590080432058,20.83423013251257,0.800348532527438,0.609681934949279,0.7790153936379263
0.2569627836372347,6.214441336789062,0.8662503629368533,3.130445978023415,117.56136230559986,14.833607875161919,0.9626899591473629,0.32062738125283363,0.8426628209262901
2.283274205717531,4.13059112767266,2.472204345462942,31.083706678444447,54.38683564258252,33.46698123159493,0.6664959261399053,0.4752484056994828,0.6450222721669145
3.0659011186120173,3.5370800636789497,3.114089874357499,42.341385368938745,33.63792441201727,41.45125868016268,0.5524448734958631,0.6256825707115619,0.5603346020281503
3.3808592259036416,2.1458946333785183,3.2545560289408453,47.371323325964035,7.427267348298114,43.28613578279365,0.5275833174291978,0.7336796819029087,0.540872419280398
0.6710112743644305,3.809350447978207,0.9919777807567485,9.603054357360651,30.81284525005479,11.772237516840732,0.8930438620128478,0.769559112788375,0.8751341778835313
3.3041763218355147,3.4490649188996505,3.318994473807983,46.80896844930345,25.821560114467886,44.66252896051344,0.5173524435985217,0.6291034502155906,0.526273285900221
3.2082912960768124,3.0360178079736304,3.190672416611714,44.66706293460303,20.32871803829985,42.177914024753846,0.549757282123245,0.5536547904944786,0.5526271108338976
1.9568760595102892,2.916070312084415,2.05497547170537,27.390120143420212,26.66627068521312,27.31609008519449,0.7181405157266811,0.6111106744139138,0.7102635721870244
0.0781648134739729,7.1304385639957575,0.7994200834137007,0.49019104000222646,143.78418394536146,15.14525849623215,0.9941262299621881,0.2095149388689309,0.8393572037097351
3.1805936112641215,3.2534013098048793,3.188039853160336,43.99934331336315,21.785135362808052,41.727435682056374,0.5610939122306541,0.4786353761235619,0.557405246555855
3.188816879936814,3.799145869863912,3.2512368902702673,42.90897213834919,41.653807208431175,42.7806029977894,0.5491046103015492,0.5097704756438542,0.5462345067099186
1.1662729348258378,4.3574606684873105,1.4926444075866705,16.788700562631515,45.0665971571538,19.68075816888948,0.8221136472622718,0.5160545080836442,0.7912500452765849
2.624190767043052,2.732129944314107,2.635230001082138,37.991100123904026,14.582756598297818,35.59706499060339,0.604666002566165,0.8091706473151092,0.6224288901216541
0.29289385892756686,4.082096202185435,0.6804259167607579,3.6434671240712633,44.17502342362636,7.788739927434853,0.9600694244884334,0.6344051023230567,0.9173863581244226
0.9508298044948328,3.7254062900716196,1.2345933087015497,13.384385931503777,23.35426322098825,14.40403247247378,0.8616298347866709,0.6680991109176497,0.8472192432496533
2.6968757806114643,5.11973690928652,2.94466839604414,38.063284087844224,60.555157598925284,40.3635893332957,0.5974148718319995,0.33604840799142555,0.5718712981739035
2.8823618329390257,2.6407636975905713,2.857652932732934,40.49479151285118,14.24227926477325,37.80987548747957,0.587961746495661,0.7395659702056299,0.5989580417391671
4.12166639287842,2.558863363529065,3.961834264876782,60.405384881534445,13.147915372350212,55.57223459082241,0.40510144729087605,0.5475564464440938,0.41055617089736485
2.693910003258614,3.336679144470131,2.759647756337065,38.61788188752909,24.975518669987096,37.22264019482593,0.6001743330085124,0.6593747741403367,0.6051867316962043
1.993649933533777,3.0908939764750567,2.1058680742891345,27.971808641878404,28.821828491642968,28.058742490149772,0.7074537223084221,0.6134279248615135,0.702386403300578
0.4285368590438603,4.595847110902053,0.8547390438929935,4.9983673394456805,51.817860122529424,9.786724555897427,0.9437335012708399,0.6351692632839785,0.8961941257342627
2.8722458112952904,2.524169152381027,2.83664706208815,42.23357139292187,19.14549349537387,39.87229069885446,0.5742794175789467,0.5297482063875967,0.5770824067508793
2.7573770630396925,2.5701820095695966,2.738232114389342,44.49218635110891,12.118966867429137,41.1812889039144,0.5544788102088964,0.6188300136905778,0.5631981186714067
3.242349338253436,2.3104354559502074,3.147039963926969,44.46054752423411,10.864654608534419,41.02460393058301,0.5484493580774563,0.7873636167307891,0.5648600455549182
4.182496264540576,2.333402455010301,3.9933843976567966,61.1688897980711,8.070030968097207,55.73832469046013,0.39416614113960335,0.710755213122737,0.40879448567762633
3.292879918593761,4.329212779675251,3.3988685066589137,45.22156449608045,51.65836953004769,45.8798741018271,0.5122637877072227,0.5212364815224065,0.5133611439516604
2.3803787377401244,5.1556028108413114,2.6642084724891095,31.619215613450827,82.34496074271317,36.807075910761746,0.6207779494630667,0.5547429695446943,0.609594540823202
2.9449269058263616,3.6111843352129376,3.0130668701954435,41.188334287045066,35.5641415143863,40.613132753477686,0.5630692998511602,0.6224932997812156,0.5692244398965196
3.495390831996715,3.9083489508021745,3.537625185056364,47.882714006256556,45.625935396116,47.65190710294674,0.4742930468574059,0.624149918510239,0.4945655363039396
0.15574815129801636,5.75281720813045,0.7281756684740607,0.9734625845645558,99.99561706797454,11.100728384004213,0.9893589522001724,0.12193124916232578,0.8822567439896263
1.2600973193404972,5.096501576165108,1.6524568456066506,14.300345858400158,86.00037301128125,21.63330318085391,0.8359418820546423,0.4317081776501488,0.7705397820161323
1.6809264951734477,4.287303970429129,1.9474878278700516,24.233184079485287,45.511872618196946,26.40941358912625,0.751821593690895,0.28844584397503037,0.7198805125446484
2.7014733220835008,2.3178427051038186,2.6622383726196692,38.50975858714102,10.906894760856083,35.68673842308915,0.6128995696006899,0.7645357640365438,0.6214777415525463
3.7769429281360933,2.1523916243452055,3.6107956357029347,52.65498470782321,7.985576124716638,48.08652246636914,0.4714543313209909,0.8130596708867026,0.4899556561022743
0.3987298976347691,6.579291042861233,1.0308327420329302,4.819902564410034,140.81886732351893,18.728887596591626,0.9425605832267294,0.19344969658368882,0.8013463503662857
0.06248816562711762,4.755381346103031,0.5424431499939724,0.3842748003044866,46.21622771030788,5.071633620645741,0.9959241703144522,0.5086899521376895,0.9462061735834394
3.6848650197304122,2.1283417482340687,3.5256751396910135,52.272485944159094,8.286571482742604,47.773926510605136,0.47425738877376644,0.8105290092858225,0.493271300299133
2.204416426427299,3.186336807890489,2.3048401018042157,31.934342486627354,22.156310853407998,30.93431652413901,0.6803035246081355,0.5075468583365148,0.6718857516362549
0.9458548051021914,3.4864588606119793,1.2056893107793287,14.128973449503027,25.514898230377714,15.29344302936521,0.8538815871502883,0.6467827468662951,0.83778543933375
1.5014950414005033,4.119045687985629,1.7691990848012547,22.05819816129601,42.43574457385134,24.14226540803463,0.7703861993344272,0.4597696206569557,0.743927710121735
3.7979990768293255,3.0704898938751928,3.7235947285726527,52.60657938067917,24.62157722726126,49.74447688771597,0.47222230250861175,0.4510645234036471,0.4723700576502424
2.978088226762762,2.6176925295241578,2.941229575908814,41.737023605326534,18.724457493280383,39.38346570750363,0.5825796100399677,0.4777354962721564,0.58226727787914
3.508530936681871,2.766435941921246,3.4326348576722623,49.245885919074425,15.520060967662289,45.79665382177091,0.5002994178961585,0.7187031709550875,0.5142438451944031
0.36319298152243745,4.294997831285991,0.7653093866118916,5.191166331148689,51.49260838741429,9.926541086903127,0.9439766749192102,0.5250251863919104,0.8947111191210744
1.0789408357715535,4.96448838431504,1.4763263805089557,14.31024985300059,64.20493397109246,19.413115274169073,0.8296494159676968,0.6452759491834954,0.7940888811423314
3.5266410207083485,3.0766939190764555,3.4806237034959953,50.18291527506729,21.051126431296776,47.20352777968167,0.49523678860766607,0.5707138291820633,0.4993214081370917
2.021743139419804,3.816906472729857,2.205339389417423,33.76048020819075,31.20915982081723,33.49954971402755,0.6586852335037818,0.4092580171236657,0.6446768246402046
2.9229587510282196,2.1930839382703993,2.8483124633598056,40.91455128346668,11.637665066639357,37.92032428401843,0.5661473819909494,0.876192419396628,0.5977865329446944
2.027272659287359,3.2043592024548566,2.147656510293126,28.697861163655915,37.52407582559918,29.600542208627385,0.7034262117905115,0.4792962908642726,0.6860328350760803
3.145888663423984,2.1993811222278685,3.0490867558016546,43.4468853393895,10.755755388165477,40.10347432165068,0.5652413309461748,0.6186650872151183,0.5746302872554122
0.9868429955181908,5.000205924487007,1.3973005677990924,14.405961216145355,75.74874337701972,20.67965484623478,0.8288526478411254,0.5768305290856646,0.7806549434832597
1.045050285461391,4.409458912070291,1.389137531364574,15.493621903894491,35.5704370795494,17.5469325468592,0.8370574024995903,0.5655577613679523,0.8138831165314622
4.049135060118544,2.6779506456484428,3.9089002904568293,60.94467568563501,11.984772822886836,55.93741289285395,0.3868990513345393,0.6594693777689051,0.40668279603238844
0.0700833929652447,5.2628901880432695,0.6011659060982246,0.21273191100459024,59.421032964091424,6.268126336888471,0.9975222053255627,0.6303552915429753,0.9335152092313959
1.564820343962061,4.286185598502546,1.843141790449156,23.48730251861524,37.76394216004753,24.947413391034456,0.7531462029116307,0.5640664828741985,0.7353876628555404
0.6341965712575511,4.833025163340658,1.063622222720596,9.759750395372034,61.53475954303172,15.054921785473594,0.8874072554526269,0.6170935134357776,0.8403153875418256
2.9725486492425683,2.760225893894981,2.950833821991111,41.46444833121706,18.277599997111977,39.09306611522904,0.5863045707708969,0.5577302481326762,0.5853474895873885
1.4607913133111396,4.895637016009646,1.8120823510871233,16.858014102558737,95.67524392875544,24.918867152965223,0.8014823685761244,0.444049579959206,0.735690447222552
0.6722335601278243,4.377559234101003,1.0511873222387178,9.198867488721312,35.232400849304945,11.861387946053727,0.9034329750735323,0.5887708681207421,0.8741885767079016
